date,discipline,hippodrome,numcourse,partants,distance,prono1,prono2,prono3,prono4,prono5,prono6,prono7,prono8,a2,rapport,si_a2_dans_pronos
2022-09-05,trot,Craon,C4,14,2775,11,14,13,2,1,6,7,9,1,12.0,1
2022-09-06,galop,Auteuil,C4,16,3600,1,9,5,11,10,4,3,8,15,19.0,0
2022-09-07,trot,MeslayduMaine,C1,16,2875,11,2,6,1,3,12,13,8,1,2.2,1
2022-09-08,galop,Longchamps,C5,16,2200,3,4,1,11,6,2,12,16,16,3.4,1
2022-09-09,trot,Vincennes,C3,14,2850,7,6,10,11,1,2,8,12,1,4.8,1
2022-09-10,trot,Vincennes,C3,13,2100,5,13,6,7,4,11,12,2,2,9.1,1
2022-09-11,galop,Longchamps,C4,16,1400,3,8,11,15,6,10,1,7,7,9.8,1
2022-09-12,trot,Beaumont,C4,16,2550,11,8,5,1,4,9,6,7,6,2.9,1
2022-09-13,galop,Auteuil,C2,16,3600,6,13,12,1,7,5,9,15,13,11.0,1
2022-09-14,galop,Compiegne,C1,16,1600,9,6,2,7,12,10,3,8,6,29.0,1
2022-09-15,galop,Longchamps,C6,16,2000,9,1,8,6,11,7,13,4,9,8.7,1
2022-09-16,trot,Vincennes,C3,15,2850,15,6,1,9,7,12,13,5,1,3.3,1
2022-09-17,galop,Chantilly,C3,16,1200,7,2,3,5,1,8,9,10,9,8.5,1
2022-09-18,trot,Vincennes,C4,16,3000,7,16,10,15,6,12,4,13,12,69.0,1
2022-09-19,galop,SaintCloud,C1,16,3000,2,7,4,16,1,14,6,5,3,14.0,0
2022-09-20,galop,Auteuil,C2,14,3600,3,2,1,7,6,9,5,4,6,16.0,1
2022-09-21,trot,LaCapelle,C4,15,2700,6,8,1,2,15,7,12,4,5,10.0,0
2022-09-22,trot,Vincennes,C1,16,2700,4,14,11,12,16,5,6,9,1,7.2,0
2022-09-23,trot,Vincennes,C3,14,2850,11,14,12,5,13,9,3,8,2,2.0,0
2022-09-24,galop,Auteuil,C3,16,4400,10,12,4,15,2,8,11,16,15,6.3,1
2022-09-25,trot,Vincennes,C4,16,2850,13,14,11,3,2,12,4,16,4,12.0,1
2022-09-26,trot,Lyon,C4,16,2850,14,16,5,12,2,7,10,11,11,10.0,1
2022-09-27,galop,Compiegne,C1,16,3800,1,3,9,2,10,5,8,6,5,5.2,1
2022-09-28,trot,Vire,C1,16,3475,11,5,13,14,12,3,16,9,13,1.3,1
2022-09-29,galop,Chantilly,C2,16,1600,10,15,7,13,2,11,16,3,12,8.9,0
2022-09-30,trot,Vincennes,C3,16,2850,11,9,12,14,5,15,16,3,5,6.3,1
2022-10-01,galop,Longchamps,C4,18,2500,4,18,15,6,1,11,3,10,11,7.9,1
2022-10-02,galop,Longchamps,C4,20,2400,20,14,15,2,17,16,18,1,16,4.3,1
2022-10-03,trot,Enghien,C1,15,2150,2,5,7,1,12,14,3,9,5,13.0,1
2022-10-04,galop,Auteuil,C1,16,3600,7,1,2,3,16,6,15,14,15,13.8,1
2022-10-05,trot,Laval,C1,16,2850,14,12,1,2,5,13,11,4,5,2.2,1
2022-10-06,galop,SaintCloud,C1,16,2000,6,14,1,4,7,9,10,3,4,11.0,1
2022-10-07,trot,Vincennes,C3,14,2700,11,14,10,1,7,12,5,8,5,6.7,1
2022-10-08,trot,Caen,C3,16,2450,3,6,2,13,7,8,1,10,7,5.2,1
2022-10-09,galop,Auteuil,C3,18,3700,14,8,4,13,10,1,15,11,4,5.7,1
2022-10-10,trot,Enghien,C1,16,2875,6,16,9,8,12,10,15,1,5,5.2,0
2022-10-11,galop,SaintCloud,C1,16,2400,3,4,8,6,1,7,15,9,8,7.5,1
2022-10-12,trot,Enghien,C1,16,2875,14,16,8,9,15,1,6,5,8,3.3,1
2022-10-13,galop,Longchamps,C1,16,1950,7,14,2,9,16,4,15,10,10,8.5,1
2022-10-14,trot,Vincennes,C4,17,2100,9,4,11,13,6,7,5,8,1,9.3,0
2022-10-15,galop,Auteuil,C4,16,3900,1,11,14,5,16,9,7,2,16,22.0,1
2022-10-16,galop,Longchamps,C4,14,1600,2,1,11,3,6,8,9,5,8,6.5,1
2022-10-17,galop,Clairefontaine,C1,16,2400,3,15,11,14,1,6,10,8,13,12.0,0
2022-10-18,trot,Vincennes,C1,16,2100,13,6,1,8,4,2,3,5,11,6.4,0
2022-10-19,trot,Feurs,C1,14,2850,12,4,14,13,7,9,1,3,3,18.0,1
2022-10-20,galop,Deauville,C4,14,1200,7,8,1,3,10,4,6,9,13,30.0,0
2022-10-21,trot,Vincennes,C3,16,2850,3,7,2,1,11,4,14,5,2,2.1,1
2022-10-22,galop,SaintCloud,C4,33,1600,5,9,13,4,6,1,3,15,15,7.4,1
2022-10-23,galop,Longchamps,C4,16,2200,12,8,5,7,1,10,2,9,12,11.5,1
2022-10-24,galop,Marseille,C4,16,2000,7,3,13,2,5,4,1,15,6,3.9,0
2022-10-25,galop,Auteuil,C1,16,3600,3,7,9,2,4,5,1,14,6,5.5,0
2022-10-26,trot,Enghien,C1,16,2150,6,1,16,2,9,3,5,11,3,13.0,1
2022-10-27,galop,Longchamps,C1,15,2800,6,2,10,11,1,4,9,5,14,9.5,0
2022-10-28,trot,Vincennes,C4,16,2850,15,13,8,3,6,9,11,2,5,5.2,0
2022-10-29,galop,Compiegne,C3,16,3600,1,6,4,12,14,10,9,8,2,7.3,0
2022-10-30,galop,Chantilly,C6,78,1600,5,1,12,3,6,2,8,4,3,13.0,1
2022-10-31,galop,SaintCloud,C3,16,2500,1,14,8,2,15,3,7,9,9,13.0,1
2022-11-01,trot,Laval,C3,16,2850,6,2,1,11,7,5,9,15,11,8.0,1
2022-11-02,galop,Chantilly,C3,16,1300,9,5,3,2,6,11,7,13,1,14.0,0
2022-11-03,trot,Vincennes,C1,16,2700,4,8,3,12,11,2,16,7,3,2.3,1
2022-11-04,trot,Vincennes,C4,15,2100,5,6,3,1,7,4,2,15,3,8.0,1
2022-11-05,galop,Deauville,C3,16,2500,1,8,9,7,2,3,10,4,8,9.3,1
2022-11-06,galop,Deauville,C4,16,1900,2,5,4,13,7,10,3,11,7,6.6,1
2022-11-07,trot,Vincennes,C1,16,2700,12,11,13,16,14,15,10,3,7,3.0,0
2022-11-08,galop,Fontainebleau,C4,16,1400,3,9,8,2,1,6,7,4,3,15.8,1
2022-11-09,trot,Nantes,C2,16,3000,7,13,14,8,12,1,4,3,6,4.2,0
2022-11-10,trot,Vincennes,C1,15,2100,1,5,13,4,8,6,7,9,13,2.6,1
2022-11-11,galop,Toulouse,C3,16,2400,13,3,14,5,7,2,4,9,9,3.8,1
2022-11-12,trot,Vincennes,C3,15,2700,11,2,1,5,9,4,8,6,8,1.9,1
2022-11-13,galop,Auteuil,C5,14,4300,10,4,11,2,5,7,12,3,14,15.5,0
2022-11-14,trot,Bordeaux,C4,13,2650,7,2,10,3,13,12,5,4,10,1.6,1
2022-11-15,galop,Chantilly,C5,16,1800,5,1,12,6,3,14,4,2,1,9.4,1
2022-11-16,galop,Chantilly,C4,16,1600,7,6,1,10,9,5,12,4,10,29.0,1
2022-11-17,galop,SaintCloud,C3,16,2000,7,11,13,15,2,5,6,10,6,7.5,1
2022-11-18,trot,Vincennes,C3,15,2100,3,4,6,2,8,14,13,12,13,3.9,1
2022-11-19,galop,Auteuil,C6,15,3900,3,7,2,11,1,9,6,5,9,20.0,1
2022-11-20,trot,Vincennes,C4,17,2700,8,13,2,16,7,17,9,15,17,7.3,1
2022-11-21,trot,Vincennes,C1,13,2700,4,1,3,6,10,11,9,5,5,5.5,1
2022-11-22,galop,Deauville,C1,16,1300,9,1,13,5,7,12,11,10,3,14.0,0
2022-11-23,trot,Mauquenchy,C1,16,2850,7,4,3,13,6,1,2,10,6,5.3,1
2022-11-24,trot,Vincennes,C1,16,2850,16,12,7,13,3,15,5,1,14,11.7,0
2022-11-25,trot,Vincennes,C3,16,2700,9,8,14,7,5,15,11,10,4,6.7,0
2022-11-26,trot,Vincennes,C7,14,2700,3,4,9,2,12,6,5,10,6,5.3,1
2022-11-27,galop,Toulouse,C1,17,2400,17,10,5,6,16,4,14,3,10,28.0,1
2022-11-28,trot,Vincennes,C1,16,2700,12,15,14,10,5,8,16,7,7,20.0,1
2022-11-29,galop,Deauville,C2,16,1900,6,1,10,7,3,4,15,5,15,23.0,1
2022-11-30,galop,Deauville,C1,16,2500,13,5,4,3,6,15,9,14,16,11.0,0
2022-12-01,trot,Vincennes,C1,16,2100,3,8,4,15,2,10,1,6,16,10.0,0
2022-12-02,trot,Vincennes,C4,16,2100,3,9,5,12,14,2,1,8,9,7.5,1
2022-12-03,trot,Vincennes,C3,14,2850,9,11,5,13,4,7,12,8,12,2.2,1
2022-12-04,trot,Vincennes,C8,18,2850,3,6,2,5,10,12,13,15,5,2.2,1
2022-12-05,trot,Vincennes,C1,16,2100,5,4,9,1,3,2,6,12,4,10.0,1
2022-12-06,galop,Chantilly,C4,16,1600,12,3,11,1,4,14,10,5,14,12.6,1
2022-12-07,trot,Vincennes,C1,16,2100,6,4,1,3,2,5,7,12,3,4.1,1
2022-12-08,trot,Vincennes,C1,16,2100,4,13,6,16,7,2,5,10,13,1.8,1
2022-12-09,trot,Vincennes,C3,13,2850,7,11,8,6,9,1,3,10,3,4.7,1
2022-12-10,trot,Vincennes,C3,19,2700,13,14,12,9,10,3,4,5,10,34.4,1
2022-12-11,trot,Vincennes,C4,16,2850,15,16,2,12,5,13,10,6,7,9.2,0
2022-12-12,galop,Cagnes,C4,16,4200,1,6,15,9,4,3,14,7,4,14.0,1
2022-12-13,galop,Chantilly,C4,16,3200,2,4,9,3,8,1,5,6,14,29.8,0
2022-12-14,trot,Vincennes,C1,15,2850,8,6,15,14,12,3,11,9,1,5.7,0
2022-12-15,galop,Deauville,C1,16,1300,3,8,6,7,10,14,1,16,8,10.8,1
2022-12-16,trot,Vincennes,C8,16,2850,16,8,1,6,13,4,14,7,13,29.0,1
2022-12-17,trot,Vincennes,C3,16,2100,11,5,12,6,15,7,2,8,8,6.9,1
2022-12-18,trot,Vincennes,C8,16,2850,6,11,5,3,7,16,8,12,16,10.5,1
2022-12-19,galop,Cagnes,C3,16,3500,4,1,11,9,3,2,16,13,16,7.7,1
2022-12-20,galop,Pau,C4,16,3500,3,4,5,12,16,14,9,2,16,13.0,1
2022-12-21,trot,Vincennes,C1,16,2850,15,14,6,2,13,7,8,12,2,8.8,1
2022-12-22,galop,Deauville,C1,16,1900,6,2,4,13,8,14,1,7,8,30.0,1
2022-12-23,trot,Vincennes,C7,14,2100,2,8,6,13,4,1,3,14,7,3.6,0
2022-12-24,trot,Vincennes,C6,13,2700,11,4,7,5,6,13,12,9,9,8.7,1
2022-12-25,trot,Vincennes,C3,14,2700,6,9,2,3,1,8,12,7,7,3.8,1
2022-12-26,galop,Deauville,C1,16,1500,4,13,12,11,14,5,9,10,1,3.8,0
2022-12-27,trot,Vincennes,C1,16,2100,2,13,12,11,10,16,7,8,3,10.0,0
2022-12-28,galop,Cagnes,C4,16,4000,5,3,16,8,4,12,7,2,5,10.0,1
2022-12-29,trot,Vincennes,C1,15,2700,8,10,7,12,1,14,15,2,5,4.0,0
2022-12-30,trot,Vincennes,C8,14,2700,14,13,4,9,7,3,12,11,2,3.6,0
2022-12-31,trot,Vincennes,C6,16,2700,12,13,5,11,6,7,3,15,11,10.0,1
2023-01-01,trot,Vincennes,C4,18,2100,4,15,7,5,3,11,8,6,14,14.0,0
2023-01-02,trot,Vincennes,C4,16,3800,3,10,6,4,7,14,13,15,3,7.2,1
2023-01-03,trot,Vincennes,C1,16,2700,4,15,2,13,6,5,11,8,9,5.9,0
2023-01-04,trot,Vincennes,C1,15,2100,5,3,2,4,7,10,8,1,1,40.0,1
2023-01-05,trot,Vincennes,C1,13,2100,5,6,1,8,4,2,9,12,9,3.5,1
2023-01-06,galop,Deauville,C8,16,1300,5,6,7,15,1,9,12,8,11,6.4,0
2023-01-07,trot,Vincennes,C4,16,2850,9,8,13,6,15,16,7,10,12,4.5,0
2023-01-08,trot,Vincennes,C4,16,2100,7,4,9,10,2,12,8,11,11,10.1,1
2023-01-09,trot,Vincennes,C1,15,2100,14,5,6,11,4,8,13,7,11,4.7,1
2023-01-10,trot,Vincennes,C1,16,2850,12,15,8,13,4,11,9,6,7,16.5,0
2023-01-11,galop,Pau,C2,16,4000,9,2,1,5,4,6,10,16,4,46.6,1
2023-01-12,trot,Cagnes,C1,16,2900,1,6,10,12,14,8,4,9,4,2.9,1
2023-01-13,galop,Deauville,C8,16,1900,1,3,6,7,16,9,11,8,7,7.1,1
2023-01-14,trot,Vincennes,C4,15,2850,14,15,10,12,3,7,13,8,8,1.6,1
2023-01-15,trot,Vincennes,C4,18,2850,6,13,11,15,2,7,12,3,13,9.0,1
2023-01-16,galop,Cagnes,C2,16,2150,10,12,6,15,9,4,3,2,3,5.9,1
2023-01-17,trot,Vincennes,C2,16,2150,12,9,4,5,14,3,16,11,5,6.4,1
2023-01-18,galop,Cagnes,C4,16,2150,9,6,3,5,2,1,4,10,3,7.9,1
2023-01-19,trot,Vincennes,C1,16,2700,11,16,15,10,7,9,5,4,11,10.1,1
2023-01-20,galop,Deauville,C8,16,2500,3,10,8,2,4,15,16,1,9,47.0,0
2023-01-21,trot,Vincennes,C4,16,2850,1,9,7,5,3,8,16,15,9,4.0,1
2023-01-22,trot,Vincennes,C4,18,2700,18,14,10,9,8,16,6,15,4,3.6,0
2023-01-23,galop,Cagnes,C2,16,1500,6,8,14,15,1,3,2,10,16,7.7,0
2023-01-24,trot,Cagnes,C4,15,2925,13,7,6,9,12,8,10,11,15,8.3,0
2023-01-25,galop,Pau,C2,16,3800,3,14,8,12,5,13,1,7,3,8.5,1
2023-01-26,trot,Vincennes,C1,16,2850,5,9,3,15,8,14,12,2,9,5.8,1
2023-01-27,galop,Deauville,C7,16,1500,3,13,10,2,4,1,8,15,7,15.0,0
2023-01-28,trot,Vincennes,C4,16,2100,4,7,5,6,9,14,16,1,1,2.3,1
2023-01-29,trot,Vincennes,C7,18,2700,6,2,14,9,4,3,8,1,1,8.5,1
2023-01-30,trot,Vincennes,C1,15,2850,13,5,2,8,9,4,11,6,6,12.0,1
2023-01-31,galop,Cagnes,C2,16,1500,8,1,7,4,5,3,9,10,12,11.0,0
2023-02-01,galop,Pau,C5,14,4000,2,1,4,6,8,3,9,5,4,10.0,1
2023-02-02,trot,Vincennes,C1,15,2850,13,15,5,7,3,9,1,2,2,8.5,1
2023-02-03,trot,Vincennes,C7,16,2850,10,8,12,11,13,7,9,4,9,8.9,1
2023-02-04,galop,Deauville,C3,16,1900,1,9,8,4,5,12,2,7,1,10.7,1
2023-02-05,trot,Vincennes,C4,13,2175,13,9,11,6,7,4,5,10,11,8.3,1
2023-02-06,trot,Vincennes,C1,15,2700,8,4,1,13,3,15,5,6,7,6.4,0
2023-02-07,galop,Cagnes,C4,16,2500,4,7,6,11,14,15,9,5,11,3.6,1
2023-02-08,trot,Vincennes,C1,15,2100,13,4,1,5,10,12,3,8,1,4.7,1
2023-02-09,galop,Cagnes,C2,16,1600,1,2,9,6,3,7,5,12,16,8.7,0
2023-02-10,trot,Vincennes,C7,16,2700,10,15,7,12,4,13,3,1,14,2.6,0
2023-02-11,trot,Vincennes,C4,16,2100,14,8,2,5,3,16,1,4,12,6.3,0
2023-02-12,trot,Vincennes,C4,18,2100,5,3,1,4,10,2,13,9,9,6.1,1
2023-02-13,trot,Vincennes,C1,16,2700,9,8,10,13,14,1,5,3,12,3.1,0
2023-02-14,trot,Vincennes,C1,14,2100,8,14,5,7,11,4,6,9,13,5.4,0
2023-02-15,galop,Cagnes,C2,16,2000,14,1,2,11,16,9,4,7,15,9.7,0
2023-02-16,trot,Vincennes,C1,14,2700,9,12,11,8,14,13,1,3,1,8.3,1
2023-02-17,trot,Cagnes,C8,13,2925,8,10,7,9,4,6,12,5,9,5.9,1
2023-02-18,galop,Cagnes,C4,16,2000,11,3,1,2,9,7,15,5,11,16.0,1
2023-02-19,trot,Vincennes,C4,16,2700,3,7,15,16,12,8,5,14,15,2.9,1
2023-02-20,trot,Vincennes,C1,16,2850,5,6,14,15,13,2,12,16,9,16.0,0
2023-02-21,trot,Vincennes,C1,13,2850,1,10,8,3,11,2,13,12,2,6.3,1
2023-02-22,galop,Cagnes,C2,16,1500,3,6,2,14,4,10,12,7,5,19.0,0
2023-02-23,trot,Vincennes,C1,14,2100,3,4,12,8,9,5,6,2,12,34.0,1
2023-02-24,trot,Vincennes,C7,15,2850,14,2,15,13,10,9,5,11,7,3.6,0
2023-02-25,galop,Auteuil,C4,16,3600,10,3,4,12,16,7,1,8,1,52.8,1
2023-02-26,trot,Vincennes,C4,14,4150,11,13,3,5,12,14,4,10,5,4.4,1
2023-02-27,galop,Cagnes,C1,16,2150,11,10,1,5,2,9,4,12,7,4.5,0
2023-02-28,trot,Vincennes,C1,16,2100,10,1,3,14,12,11,4,5,15,6.9,0
2023-03-01,galop,Chantilly,C1,16,1300,3,5,10,11,15,7,8,6,13,6.8,0
2023-03-02,trot,Vincennes,C1,13,2700,7,13,1,12,11,9,8,4,12,13.0,1
2023-03-03,trot,Cagnes,C7,16,2925,8,15,2,3,10,1,7,6,7,2.3,1
2023-03-04,trot,Nantes,C4,14,2700,10,6,8,14,9,5,7,4,14,9.9,1
2023-03-05,galop,Auteuil,C3,18,3600,14,1,9,2,10,7,12,15,16,11.6,0
2023-03-06,trot,Caen,C4,16,2450,5,2,13,15,1,14,12,3,1,2.7,1
2023-03-07,galop,Chantilly,C1,16,1600,8,1,2,5,4,7,9,13,11,10.0,0
2023-03-08,trot,Amiens,C1,16,2900,8,11,2,10,4,14,3,7,2,10.0,1
2023-03-09,galop,SaintCloud,C1,16,2000,6,1,8,5,3,7,4,9,1,21.0,1
2023-03-10,trot,Enghien,C8,16,2150,1,2,4,7,5,13,11,10,13,18.3,1
2023-03-11,galop,Auteuil,C6,18,4400,4,1,5,18,8,17,2,14,5,26.7,1
2023-03-12,trot,Cagnes,C4,13,2925,8,3,2,11,10,9,6,7,7,16.0,1
2023-03-13,galop,Chantilly,C1,16,2700,2,7,1,6,12,4,13,11,1,11.0,1
2023-03-14,trot,Laval,C1,14,2850,9,5,7,6,8,10,12,1,5,2.4,1
2023-03-15,galop,Chantilly,C1,16,1900,3,5,1,6,11,4,2,12,3,17.0,1
2023-03-16,trot,Caen,C1,16,2200,2,6,5,1,7,4,16,11,4,2.3,1
2023-03-17,trot,Enghien,C8,16,2150,7,15,8,6,14,5,3,4,5,20.0,1
2023-03-18,galop,SaintCloud,C4,16,1400,3,1,2,5,8,14,16,7,5,15.2,1
2023-03-19,galop,Auteuil,C3,16,3900,8,1,11,4,7,12,3,15,11,15.7,1
2023-03-20,galop,Compiegne,C1,16,1800,10,4,1,11,5,3,12,14,16,7.9,0
2023-03-21,galop,Chantilly,C1,15,2100,2,7,1,9,10,8,4,3,12,3.0,0
2023-03-22,trot,Lisieux,C4,16,2725,14,16,12,6,3,10,9,5,12,2.0,1
2023-03-23,galop,SaintCloud,C1,15,2400,8,2,7,12,6,5,1,11,12,16.2,1
2023-03-24,trot,Vincennes,C8,16,2850,13,16,14,12,3,2,6,1,14,2.8,1
2023-03-25,trot,Vincennes,C4,15,2850,11,5,12,4,8,14,13,7,8,2.8,1
2023-03-26,galop,Auteuil,C3,14,3600,10,1,13,4,11,6,3,9,8,5.6,0
2023-03-27,galop,Fontainebleau,C1,37,1200,1,3,2,5,9,7,4,8,10,8.1,0
2023-03-28,galop,SaintCloud,C1,18,1600,1,7,10,6,8,9,11,15,12,6.0,0
2023-03-29,trot,Marseille,C1,16,3000,4,12,14,11,8,3,6,5,12,2.1,1
2023-03-30,galop,Chantilly,C1,16,1600,11,6,3,9,1,4,7,8,4,6.1,1
2023-03-31,trot,Vincennes,C8,16,2100,1,13,9,15,2,16,4,12,8,3.7,0
2023-04-01,galop,SaintCloud,C3,16,2100,2,6,1,15,10,9,4,3,13,11.0,0
2023-04-02,galop,Auteuil,C3,18,4700,7,3,8,5,15,13,1,6,1,8.6,1
2023-04-03,galop,Chantilly,C1,16,1600,6,1,9,8,2,5,7,11,8,3.7,1
2023-04-04,galop,Fontainebleau,C1,16,3000,3,13,4,1,2,8,12,11,15,12.2,0
2023-04-05,trot,Angers,C1,16,3100,2,1,10,5,7,8,9,13,12,9.1,0
2023-04-06,galop,Deauville,C1,16,1900,4,7,6,1,2,9,13,15,2,33.0,1
2023-04-07,trot,Vincennes,C8,14,2700,13,4,5,11,7,9,6,3,11,39.0,1
2023-04-08,trot,Vincennes,C3,16,2700,16,12,7,11,5,3,4,1,7,3.0,1
2023-04-09,galop,Longchamps,C3,16,1400,1,3,11,6,2,9,8,14,8,9.4,1
2023-04-10,galop,Compiegne,C2,15,3800,3,1,5,8,12,11,15,4,14,15.0,0
2023-04-11,galop,Chantilly,C1,16,2400,14,8,5,3,13,7,12,6,3,5.9,1
2023-04-12,trot,Lyon,C1,13,2825,6,1,8,5,11,3,12,10,1,9.0,1
2023-04-13,galop,Auteuil,C1,16,3900,7,4,14,11,5,13,1,16,14,12.3,1
2023-04-14,trot,Vincennes,C8,16,2850,13,16,12,3,7,14,15,1,7,54.0,1
2023-04-15,trot,Vincennes,C4,15,2100,15,4,10,2,1,12,9,6,9,2.1,1
2023-04-16,galop,Longchamps,C3,16,1850,10,9,11,1,5,4,12,16,10,14.6,1
2023-04-17,galop,Chantilly,C1,16,1200,5,6,3,1,8,9,14,2,5,8.5,1
2023-04-18,galop,Auteuil,C1,15,3900,9,12,3,6,1,4,8,13,13,11.1,1
2023-04-19,trot,Pontchateau,C1,16,2800,5,7,14,13,15,1,6,10,6,6.2,1
2023-04-20,galop,Longchamps,C1,16,2250,2,3,4,8,12,10,13,16,10,7.0,1
2023-04-21,trot,Vincennes,C8,14,2850,14,2,11,6,10,8,13,9,10,8.1,1
2023-04-22,trot,Enghien,C4,14,2150,8,4,1,10,13,6,9,14,10,2.1,1
2023-04-23,galop,Auteuil,C3,14,4400,6,11,3,2,7,8,9,10,10,11.0,1
2023-04-24,galop,Bordeaux,C4,16,1600,4,6,12,11,7,15,14,10,15,9.6,1
2023-04-25,galop,Compiegne,C3,16,600,10,2,4,14,1,4,13,9,9,11.0,1
2023-04-26,trot,StBrieux,C1,16,3150,1,6,12,7,3,2,5,13,4,3.6,0
2023-04-27,galop,Longchamps,C1,16,1300,13,1,11,3,6,2,12,5,2,4.8,1
2023-04-28,trot,Vincennes,C8,15,2700,13,7,6,11,5,10,15,14,13,9.6,1
2023-04-29,galop,Auteuil,C3,14,4300,7,6,3,12,2,10,13,8,6,12.0,1
2023-04-30,galop,Longchamps,C4,17,2000,17,7,4,6,9,13,3,11,16,4.4,0
2023-05-01,galop,SaintCloud,C3,16,1400,9,3,8,4,5,7,1,2,1,13.9,1
2023-05-02,galop,Compiegne,C8,16,2800,14,15,2,7,8,5,4,6,12,24.9,0
2023-05-03,trot,Vichy,C4,13,2950,10,11,9,6,1,13,7,3,7,25.0,1
2023-05-04,galop,Chantilly,C4,18,1600,6,4,13,7,9,1,3,8,9,18.0,1
2023-05-05,trot,Vincennes,C3,16,2100,8,2,3,14,10,1,15,13,15,19.0,1
2023-05-06,trot,Vincennes,C4,13,2100,6,3,1,8,2,4,10,11,10,21.0,1
2023-05-07,galop,Longchamps,C3,16,2100,1,6,7,10,12,9,11,15,10,16.0,1
2023-05-08,galop,Lyon,C3,16,2200,11,1,4,15,10,5,3,12,12,8.2,1
2023-05-09,galop,Chantilly,C8,16,1600,3,1,6,2,13,9,4,11,2,11.3,1
2023-05-10,galop,Fontainebleau,C8,18,1200,5,2,6,14,7,13,15,3,16,9.6,0
2023-05-11,galop,Longchamps,C2,16,1850,6,2,12,1,16,13,4,7,4,5.4,1
2023-05-12,trot,Vincennes,C3,15,2850,4,14,13,5,1,10,2,12,3,4.4,0
2023-05-13,trot,Vincennes,C3,16,2450,16,15,9,5,14,7,6,1,8,4.6,0
2023-05-14,galop,Longchamps,C4,15,2500,1,3,6,14,5,4,2,7,8,7.9,0
2023-05-15,trot,Vichy,C4,16,2500,16,6,7,4,13,3,1,9,15,10.0,0
2023-05-16,galop,SaintCloud,C8,16,1400,10,8,1,4,9,12,2,7,6,11.7,0
2023-05-17,trot,Vincennes,C8,15,2850,13,5,9,3,8,15,4,14,14,1.9,1
2023-05-18,galop,Longchamps,C2,16,1600,3,14,8,1,11,9,4,2,6,3.5,0
2023-05-19,trot,Vincennes,C3,15,2700,7,10,6,11,14,3,13,15,15,6.0,1
2023-05-20,galop,Auteuil,C3,15,5100,9,2,12,4,13,7,3,10,11,2.5,0
2023-05-21,galop,Auteuil,C4,18,6000,10,5,4,1,12,16,2,8,6,9.3,0
2023-05-22,galop,Marseille,C4,16,1800,2,4,10,6,3,8,14,9,10,8.7,1
2023-05-23,galop,SaintCloud,C8,16,2000,3,6,7,1,5,9,10,2,10,8.0,1
2023-05-24,trot,CroiseLaroche,C7,16,2800,15,8,11,12,9,5,3,7,8,7.5,1
2023-05-25,galop,Longchamps,C3,16,2850,10,1,7,3,5,8,9,2,8,3.4,1
2023-05-26,trot,Vincennes,C3,14,2850,13,6,8,14,1,11,7,12,12,2.5,1
2023-05-27,trot,Enghien,C3,14,2150,3,11,2,9,8,1,5,13,9,4.9,1
2023-05-28,galop,SaintCloud,C4,17,1400,15,2,13,11,9,1,10,8,16,11.5,0
2023-05-29,galop,Longchamps,C3,14,2200,1,3,5,4,2,11,7,6,12,10.4,0
2023-05-30,galop,Angers,C5,16,1350,1,8,5,9,13,16,11,4,4,6.2,1
2023-05-31,galop,Strasbourg,C4,16,3000,3,13,2,8,1,9,14,10,2,3.9,1
2023-06-01,galop,Longchamps,C2,16,1800,4,1,3,5,9,13,14,7,4,15.0,1
2023-06-02,trot,Vincennes,C3,14,2850,12,14,2,10,8,11,6,5,10,2.4,1
2023-06-03,galop,Auteuil,C4,12,3700,4,1,11,7,3,6,2,5,8,5.9,0
2023-06-04,galop,Chantilly,C4,14,2400,4,10,13,12,11,3,6,7,10,15.0,1
2023-06-05,trot,Vichy,C4,14,2800,8,2,4,14,5,7,6,1,14,27.0,1
2023-06-06,galop,SaintCloud,C8,16,1500,13,4,1,2,8,6,3,15,11,37.0,0
2023-06-07,trot,Laval,C7,16,2850,1,6,2,14,4,11,7,12,7,3.2,1
2023-06-08,galop,Longchamps,C2,16,2250,8,6,1,5,2,7,11,9,8,16.0,1
2023-06-09,trot,Vincennes,C3,14,2700,6,7,2,11,9,3,5,10,11,8.3,1
2023-06-10,trot,Vincennes,C3,15,2850,9,1,11,4,12,3,6,15,5,3.3,0
2023-06-11,galop,Longchamps,C4,13,2000,2,6,3,8,1,5,7,12,8,14.2,1
2023-06-12,trot,Caen,C4,16,2450,1,6,2,16,4,8,11,7,3,18.0,0
2023-06-13,galop,Compiegne,C8,16,1400,1,15,5,2,16,9,6,4,1,7.8,1
2023-06-14,galop,SaintCloud,C8,16,1600,3,7,11,2,16,10,4,5,10,21.0,1
2023-06-15,galop,Longchamps,C2,16,2400,3,7,11,2,16,10,4,5,10,5.4,1
2023-06-16,trot,Vincennes,C4,16,2700,4,13,16,7,2,15,5,8,5,3.8,1
2023-06-17,trot,Enghien,C4,44,2150,4,10,6,3,12,8,11,2,11,4.2,1
2023-06-18,galop,Chantilly,C5,15,2100,2,14,3,7,5,8,1,9,15,4.2,0
2023-06-19,galop,SaintCloud,C8,16,2000,9,11,10,3,1,7,4,8,10,11.0,1
2023-06-20,galop,Nantes,C2,14,2200,7,5,8,1,2,9,3,4,9,19.9,1
2023-06-21,trot,Libourne,C4,16,2800,9,12,11,15,8,7,4,16,1,2.6,0
2023-06-22,galop,LaTeste,C4,16,1800,6,12,4,7,2,14,8,1,3,24.0,0
2023-06-23,trot,Vincennes,C3,14,2100,7,10,4,6,14,1,12,2,12,2.6,1
2023-06-24,galop,Compiegne,C4,16,2800,5,3,8,6,12,9,2,4,10,18.0,0
2023-06-25,trot,Vincennes,C4,14,2850,8,4,11,7,3,5,13,14,7,6.8,1
2023-06-26,galop,Lyon,C8,16,2000,8,2,15,7,10,1,16,4,11,3.3,0
2023-06-27,galop,Auteuil,C8,16,3600,13,1,5,8,12,15,3,9,15,16.4,1
2023-06-28,trot,Vichy,C4,13,2950,5,9,4,11,3,1,13,10,4,3.5,1
2023-06-29,galop,Longchamps,C3,16,1400,10,4,11,12,14,3,8,16,10,19.9,1
2023-06-30,trot,Vincennes,C3,16,2100,7,1,13,6,3,2,12,4,8,4.4,0
2023-07-01,trot,Enghien,C4,16,2150,3,8,13,1,10,7,6,9,15,14.2,0
2023-07-02,galop,Deauville,C4,16,2000,13,10,9,8,1,4,7,12,9,7.1,1
2023-07-03,galop,Clairefontaine,C4,14,3900,6,16,4,3,5,8,1,9,14,3.2,0
2023-07-04,trot,Vichy,C8,16,2800,7,6,8,3,13,2,15,5,4,3.6,0
2023-07-05,trot,Enghien,C4,15,2150,3,15,6,2,14,5,4,13,10,5.1,0
2023-07-06,galop,Longchamps,C2,16,1600,15,4,16,11,5,13,6,2,14,17.4,0
2023-07-07,trot,Cabourg,C3,13,2750,11,10,8,7,2,4,13,12,6,8.2,0
2023-07-08,trot,Enghien,C4,13,2875,7,10,9,8,2,4,11,13,8,8.4,1
2023-07-09,galop,Deauville,C4,16,1200,3,2,6,4,5,10,1,7,5,12.1,1
2023-07-10,galop,Chantilly,C9,16,2400,2,7,9,11,13,1,8,16,7,16.6,1
2023-07-11,trot,Chateaubriant,C8,15,3000,5,1,14,7,4,8,7,3,12,2.9,0
2023-07-12,trot,Enghien,C4,16,2150,13,8,9,2,4,7,12,1,10,8.1,0
2023-07-13,galop,Compiegne,C8,17,1600,7,5,2,16,14,1,3,12,15,8.4,0
2023-07-14,galop,Longchamps,C3,16,1800,8,11,6,5,3,4,10,2,16,5.2,0
2023-07-15,trot,Enghien,C4,16,2150,7,4,2,1,6,11,16,10,6,3.5,1
2023-07-16,galop,Chantilly,C4,16,1200,2,3,11,12,8,6,13,4,16,4.0,0
2023-07-17,trot,Vire,C8,16,2825,14,4,11,3,12,2,9,10,3,3.3,1
2023-07-18,galop,Vichy,C1,16,1400,4,2,1,14,11,6,12,15,4,8.5,1
2023-07-19,galop,Vichy,C3,16,2400,2,16,8,6,4,7,5,1,16,7.9,1
2023-07-20,galop,Vichy,C8,16,2800,6,5,16,11,4,7,2,1,3,6.4,0
2023-07-21,trot,Cabourg,C3,16,2750,1,16,2,4,8,6,13,9,4,3.2,1
2023-07-22,trot,Enghien,C4,13,2150,5,7,2,1,11,10,3,8,5,20.1,1
2023-07-23,galop,LaTeste,C3,16,2000,11,8,7,5,3,1,4,6,7,10.8,1
2023-07-24,galop,Compiegne,C8,16,1600,6,2,4,10,11,3,5,1,6,10.8,1
2023-07-25,galop,Dieppe,C8,16,1800,6,15,12,7,8,13,2,9,9,3.5,1
2023-07-26,trot,Enghien,C4,13,2875,9,13,6,4,11,10,2,12,10,5.9,1
2023-07-27,galop,Clairefontaine,C4,16,3600,4,13,9,6,8,1,2,5,6,13.2,1
2023-07-28,trot,Cabourg,C4,14,2750,8,6,5,7,3,10,1,13,13,2.6,1
2023-07-29,trot,Enghien,C4,16,2150,16,13,2,8,7,4,5,3,12,19.4,0
2023-07-30,galop,Deauville,C3,16,1900,9,16,8,14,4,13,5,6,4,30.6,1
2023-07-31,galop,Dieppe,C4,16,1800,4,5,2,10,7,14,16,9,12,19.2,0
2023-08-01,galop,Clairefontaine,C8,16,1400,2,10,6,3,11,1,12,8,11,5.4,1
2023-08-02,trot,Enghien,C4,16,2150,6,3,1,13,10,4,2,15,12,7.8,0
2023-08-03,galop,Deauville,C4,16,2150,7,2,14,12,3,16,11,5,3,6.1,1
2023-08-04,trot,Cabourg,C3,13,2750,9,11,6,7,10,13,8,12,9,9.7,1
2023-08-05,galop,Deauville,C3,16,1300,7,11,6,9,10,12,8,3,11,7.8,1
2023-08-06,galop,Deauville,C3,17,1600,8,12,7,10,11,13,9,4,14,10.6,0
2023-08-07,galop,Clairefontaine,C8,14,3600,8,1,2,9,6,4,11,5,4,5.8,1
2023-08-08,galop,Deauville,C8,15,1600,4,3,9,8,12,1,6,2,7,17.9,0
2023-08-09,trot,StMalo,C4,13,2950,11,10,12,5,9,3,8,4,5,6.0,1
2023-08-10,trot,Enghien,C4,15,2875,10,4,15,12,9,11,14,2,1,17.9,0
2023-08-11,trot,Cabourg,C3,14,2725,5,2,6,13,4,11,9,10,12,4.5,0
2023-08-12,galop,Deauville,C3,16,2000,7,6,5,4,14,12,16,10,14,8.0,1
2023-08-13,galop,Deauville,C3,16,1900,12,3,8,1,4,2,6,7,9,7.5,0
2023-08-14,galop,Clairefontaine,C8,16,2400,2,8,10,6,7,3,5,12,5,16.0,1
2023-08-15,galop,Deauville,C3,16,1200,1,10,8,11,3,16,13,14,13,27.9,1
2023-08-16,trot,Enghien,C4,15,2150,15,5,4,10,11,2,6,1,5,10.7,1
2023-08-17,galop,Deauville,C4,16,1500,1,10,8,11,3,16,13,14,7,9.2,0
2023-08-18,trot,Pornichet,C5,14,2725,4,13,3,10,7,1,14,11,5,18.6,0
2023-08-19,galop,Deauville,C3,16,1900,7,6,5,3,8,1,4,13,3,8.1,1
2023-08-20,galop,Deauville,C3,16,1900,5,3,2,7,12,13,8,4,10,2.8,0
2023-08-21,galop,Vichy,C1,17,2000,2,1,11,6,17,3,8,5,7,12.9,0
2023-08-22,galop,Deauville,C8,16,3200,1,9,6,12,3,16,2,7,6,20.8,1
2023-08-23,trot,Vincennes,C4,15,2700,9,14,8,15,4,2,10,5,5,1.9,1
2023-08-24,galop,Deauville,C4,14,1400,1,9,8,4,6,14,3,2,11,3.8,0
2023-08-25,trot,Cabourg,C4,14,2725,6,1,5,9,2,8,3,11,9,1.7,1
2023-08-26,galop,Clairefontaine,C4,16,2200,4,7,5,8,3,9,10,14,2,5.0,0
2023-08-27,galop,Deauville,C3,16,1500,12,6,3,8,7,11,13,10,1,45.3,0
2023-08-28,trot,Vincennes,C8,14,2100,1,4,14,6,8,5,9,10,12,4.6,0
2023-08-29,galop,Dieppe,C8,16,1100,8,10,3,1,6,9,4,2,7,8.6,0
2023-08-30,galop,Compiegne,C8,16,2000,5,9,1,7,4,8,2,12,16,30.2,0
2023-08-31,galop,Longchamps,C8,16,1600,12,1,2,7,13,9,5,3,12,12.8,1
2023-09-01,trot,Vincennes,C4,16,2700,14,16,4,9,15,13,6,3,4,9.0,1
2023-09-02,trot,Vincennes,C4,13,2850,4,13,5,8,12,6,2,3,7,4.4,0
2023-09-03,galop,Longchamps,C4,16,2400,14,2,3,10,7,11,6,5,10,8.6,1
2023-09-04,trot,Craon,C1,16,2775,7,3,2,8,4,16,11,14,8,9.3,1
2023-09-05,galop,Auteuil,C4,16,3600,5,7,6,4,1,9,14,8,14,6.6,1
2023-09-06,trot,LaCapelle,C1,14,2700,13,5,12,1,2,3,8,10,11,1.8,0
2023-09-07,galop,Longchamps,C5,16,1400,3,6,4,8,14,10,2,11,14,16.7,1
2023-09-08,trot,Vincennes,C7,15,2850,5,15,1,13,4,6,10,7,3,1.8,0
2023-09-09,trot,Vincennes,C4,13,2850,13,10,11,9,3,8,12,6,13,17.8,1
2023-09-10,galop,Longchamps,C4,16,1850,9,13,14,15,8,16,5,4,2,7.1,0
2023-09-11,trot,Beaumont,C5,16,2550,6,5,14,15,4,3,7,13,15,3.4,1
2023-09-12,galop,Auteuil,C1,16,3600,5,8,4,6,13,12,7,9,8,7.6,1
2023-09-13,trot,Angers,C1,16,3100,8,2,10,1,3,4,5,6,1,1.7,1
2023-09-14,galop,Fontainebleau,C5,16,1600,16,9,6,1,5,11,14,12,11,5.1,1
2023-09-15,trot,Vincennes,C3,16,2100,3,4,5,13,7,9,6,1,16,8.3,0
2023-09-16,galop,Chantilly,C3,16,1200,7,2,1,10,5,14,3,6,6,4.6,1
2023-09-17,trot,Vincennes,C4,17,2850,14,17,9,12,10,15,13,6,9,24.7,1
2023-09-18,galop,Compiegne,C1,14,2400,2,6,12,13,8,4,5,7,6,10.4,1
2023-09-19,trot,Vincennes,C4,16,2100,9,1,13,11,4,8,12,5,3,21.8,0
2023-09-20,trot,Feurs,C1,14,2850,2,14,3,8,9,12,4,10,6,2.0,0
2023-09-21,trot,Vincennes,C1,16,2700,3,13,9,4,2,7,6,10,14,5.8,0
2023-09-22,trot,Vincennes,C3,16,2700,16,12,9,10,4,7,14,11,7,9.3,1
2023-09-23,galop,Auteuil,C3,14,4400,7,3,6,8,9,1,13,2,2,4.1,1
2023-09-24,trot,Vincennes,C4,16,2850,8,6,16,2,13,15,7,9,6,7.3,1
2023-09-25,trot,LaCapelle,C4,15,2750,5,13,1,4,10,7,12,3,3,6.8,1
2023-09-26,galop,Compiegne,C1,15,3800,11,12,13,6,1,8,2,7,4,7.4,0
2023-09-27,trot,MontSaintMichel,C1,16,2675,16,13,14,1,7,5,6,4,7,4.1,1
2023-09-28,galop,Chantilly,C1,16,1800,2,12,4,8,9,13,3,6,15,6.2,0
2023-09-29,trot,Vincennes,C3,13,2850,9,11,13,12,2,6,5,8,4,13.0,0
2023-09-30,galop,Longchamps,C4,16,2500,9,10,3,15,4,7,12,14,13,12.5,0
2023-10-01,galop,Longchamps,C4,15,2400,13,6,7,14,12,15,10,8,9,2.9,0
2023-10-02,trot,Enghien,C1,16,2150,16,6,9,12,2,15,1,5,8,15.5,0
2023-10-03,galop,Auteuil,C1,16,3600,1,3,10,8,9,7,6,5,16,7.4,0
2023-10-04,trot,LeMans,C1,16,2950,13,6,16,1,2,9,5,4,9,10.6,1
2023-10-05,galop,SaintCloud,C1,16,1400,10,9,4,16,1,14,3,11,15,3.8,0
2023-10-06,trot,Vincennes,C7,16,2700,11,10,12,8,6,16,9,3,16,4.2,1
2023-10-07,trot,Caen,C3,16,2450,3,6,9,10,7,2,4,14,4,3.5,1
2023-10-08,galop,Auteuil,C3,16,3700,1,13,6,7,16,11,4,12,12,4.0,1
2023-10-09,trot,Enghien,C1,16,2875,11,15,10,2,5,1,14,8,7,16.3,0
2023-10-10,galop,SaintCloud,C1,16,2400,3,11,1,9,5,2,6,14,6,11.6,1
2023-10-11,trot,Enghien,C1,16,2875,14,9,12,4,6,10,7,16,12,24.6,1
2023-10-12,galop,Chantilly,C1,16,1200,12,1,2,15,16,7,3,8,2,9.9,1
2023-10-13,trot,Vincennes,C3,16,2850,12,5,15,14,10,11,3,9,11,13.7,1
2023-10-14,galop,Auteuil,C4,16,3900,1,7,6,14,10,8,9,16,13,11.0,0
2023-10-15,galop,Longchamps,C3,15,2000,13,1,6,9,3,8,12,7,6,27.4,1
2023-10-16,galop,Clairefontaine,C1,16,2400,8,3,6,1,4,9,2,12,1,13.6,1
2023-10-17,trot,Vincennes,C1,16,2700,12,7,3,9,10,11,15,2,15,8.9,1
2023-10-18,trot,Reims,C1,16,2550,16,15,8,10,4,9,3,5,11,2.0,0
2023-10-19,galop,Deauville,C1,16,1900,4,7,10,5,6,9,3,15,15,13.1,1
2023-10-20,trot,Vincennes,C3,16,2850,16,12,13,6,4,8,7,2,7,1.8,1
2023-10-21,galop,Longchamps,C4,16,1600,1,4,5,2,3,12,6,8,7,5.3,0
2023-10-22,galop,SaintCloud,C4,16,2500,11,3,8,2,7,12,15,6,13,22.2,0
2023-10-23,galop,Marseille,C4,14,2000,2,1,4,6,3,8,12,9,7,6.4,0
2023-10-24,galop,Auteuil,C1,16,3600,6,9,1,3,14,4,12,2,9,32.8,1
2023-10-25,trot,Toulouse,C1,15,2950,5,8,6,4,10,7,11,13,8,75.8,1
2023-10-26,galop,Chantilly,C1,19,1900,2,3,1,6,5,12,9,7,4,6.1,0
2023-10-27,trot,Vincennes,C13,47,2100,4,13,15,5,2,7,1,3,16,9.1,0
2023-10-28,galop,Compiegne,C3,18,3600,13,8,4,1,10,3,7,9,6,5.8,0
2023-10-29,galop,Longchamps,C6,16,2800,4,7,1,10,13,8,9,6,7,9.8,1
2023-10-30,galop,SaintCloud,C6,16,2800,6,4,3,1,5,10,8,9,15,9.6,0
2023-10-31,galop,Chantilly,C4,16,1600,16,3,2,1,8,10,5,4,11,10.9,0
2023-11-01,trot,Laval,C3,18,2850,7,6,15,2,1,8,4,11,8,8.4,1
2023-11-02,trot,Vincennes,C1,14,2700,12,9,8,6,11,3,14,7,14,14.1,1
2023-11-03,trot,Vincennes,C3,13,2100,5,9,7,8,1,6,3,2,6,122.2,1
2023-11-04,galop,Deauville,C3,16,1400,6,2,5,7,3,4,15,12,6,26.5,1
2023-11-05,galop,Deauville,C4,16,1900,1,5,6,13,11,10,4,12,11,9.9,1
2023-11-06,trot,Vincennes,C1,16,2100,7,8,3,1,6,13,2,4,16,3.1,0
2023-11-07,galop,Fontainebleau,C3,16,1200,3,7,10,1,9,2,5,8,5,23.5,1
2023-11-08,trot,Nantes,C2,14,3000,12,13,10,8,11,7,3,5,8,7.4,1
2023-11-09,trot,Vincennes,C1,14,2700,9,10,11,5,4,3,13,14,5,3.8,1
2023-11-10,trot,Vincennes,C3,15,2700,8,12,14,10,2,7,15,9,15,2.9,1
2023-11-11,galop,Toulouse,C3,16,2400,2,12,1,9,3,7,10,5,5,4.7,1
2023-11-12,galop,Auteuil,C5,16,4300,4,2,11,5,15,8,10,1,8,20.0,1
2023-11-13,trot,Vincennes,C1,16,2700,5,12,10,7,3,6,15,16,8,3.4,0
2023-11-14,galop,Chantilly,C4,16,1900,13,9,7,11,12,14,1,2,11,5.4,1
2023-11-15,trot,Bordeaux,C2,15,2650,15,4,14,8,11,5,2,7,3,3.7,0
2023-11-16,galop,Deauville,C1,16,2500,6,4,16,2,11,13,9,10,1,6.1,0
2023-11-17,trot,Vincennes,C3,15,2100,6,4,9,1,11,8,7,14,3,4.6,0
2023-11-18,galop,Auteuil,C6,14,3900,3,5,7,10,9,11,6,2,6,9.0,1
2023-11-19,trot,Vincennes,C4,18,2700,7,8,17,4,10,5,18,1,17,30.2,1
2023-11-20,trot,Vincennes,C1,15,2700,6,14,4,1,9,13,8,12,4,4.1,1
2023-11-21,galop,Chantilly,C4,16,1600,10,4,7,1,11,9,15,3,1,10.3,1
2023-11-22,trot,Mauquenchy,C1,16,2850,11,4,9,7,5,14,2,3,5,14.5,1
2023-11-23,trot,Vincennes,C1,58,2850,1,8,15,14,7,13,3,6,6,9.4,1
2023-11-24,trot,Vincennes,C3,13,2100,5,6,7,12,8,13,10,1,2,5.0,0
2023-11-25,trot,Vincennes,C3,14,2700,14,9,5,10,12,7,3,4,10,7.1,1
2023-11-26,galop,Auteuil,C6,14,3600,5,10,6,1,4,3,2,9,1,5.8,1
2023-11-27,trot,Vincennes,C1,16,2700,10,8,14,5,4,1,13,16,14,14.4,1
2023-11-28,galop,Deauville,C1,16,1900,10,14,7,1,12,4,5,3,7,7.9,1
2023-11-29,galop,Deauville,C1,16,1900,10,14,7,1,12,4,5,3,4,7.4,1
2023-11-30,trot,Vincennes,C1,16,2100,10,8,11,14,5,4,1,13,10,14.0,1
2023-12-01,trot,Vincennes,C3,16,2100,4,5,14,9,10,8,7,3,2,13.5,0
2023-12-02,trot,Vincennes,C4,15,2850,6,11,7,5,13,2,10,12,7,19.1,1
2023-12-03,trot,Vincennes,C4,13,2850,4,11,13,10,5,12,6,9,13,6.9,1
2023-12-04,trot,Vincennes,C1,16,2100,7,12,2,16,3,5,1,10,5,6.7,1
2023-12-05,galop,Deauville,C1,16,2500,8,6,1,4,3,12,9,5,6,28.3,1
2023-12-06,trot,Vincennes,C1,16,2100,8,3,4,2,9,13,16,12,16,7.9,1
2023-12-07,trot,Vincennes,C1,15,2100,1,5,14,7,6,11,3,15,11,19.9,1
2023-12-08,trot,Vincennes,C3,14,2700,7,5,14,12,9,13,8,10,1,8.1,0
2023-12-09,trot,Vincennes,C3,18,2700,17,16,12,15,18,13,3,7,10,1.5,0
2023-12-10,trot,Vincennes,C4,18,2850,12,14,7,6,5,15,8,4,14,3.0,1
2023-12-11,galop,Cagnes,C4,14,4200,1,3,6,7,11,2,9,5,6,16.6,1
2023-12-12,galop,Chantilly,C4,16,1600,3,16,4,5,7,9,6,15,14,8.9,0
2023-12-13,trot,Vincennes,C1,16,2100,3,4,5,12,8,1,16,10,16,17.4,1
2023-12-14,galop,Chantilly,C4,16,3200,6,9,7,12,1,5,4,11,6,7.7,1
2023-12-15,trot,Vincennes,C8,16,2850,13,10,15,9,11,16,14,8,3,12.6,0
2023-12-16,trot,Vincennes,C4,16,2100,3,7,4,1,11,12,16,10,16,21.7,1
2023-12-17,trot,Vincennes,C4,16,2700,8,10,16,9,14,2,5,6,16,8.6,1
2023-12-18,galop,Cagnes,C3,16,3500,3,2,5,6,10,7,4,16,7,21.9,1
2023-12-19,galop,Pau,C4,15,3500,9,7,2,5,11,3,14,4,6,12.6,0
2023-12-20,trot,Vincennes,C1,16,2850,1,2,12,10,9,6,3,15,6,4.3,1
2023-12-21,galop,Deauville,C1,16,1900,2,14,9,5,1,16,6,7,14,16.6,1
2023-12-22,trot,Vincennes,C8,14,2100,5,4,9,1,8,7,13,10,12,4.6,0
2023-12-23,trot,Vincennes,C3,16,2700,13,15,3,1,12,9,10,16,15,1.6,1
2023-12-24,trot,Vincennes,C6,16,2100,2,6,4,1,8,7,5,3,15,1.7,0
2023-12-25,trot,Vincennes,C4,14,2700,14,9,12,7,10,11,2,13,12,2.1,1
2023-12-26,galop,Deauville,C1,16,1300,8,6,12,7,3,4,10,1,14,22.4,0
2023-12-27,galop,Cagnes,C4,14,4000,4,13,3,12,11,2,8,5,13,7.1,1
2023-12-28,trot,Vincennes,C1,15,2700,11,13,6,9,7,15,10,14,14,2.8,1
2023-12-29,trot,Vincennes,C8,16,2700,9,10,13,11,15,14,2,16,13,11.7,1
2023-12-30,trot,Vincennes,C3,15,2850,3,11,14,4,1,13,8,7,7,1.8,1
2023-12-31,trot,Vincennes,C6,18,2100,1,3,12,5,10,6,16,4,17,47.0,0
2024-01-01,trot,Vincennes,C4,14,2100,3,6,9,5,8,4,14,1,8,18.2,1
2024-01-02,galop,Pau,C3,16,3800,3,5,6,1,2,15,9,12,6,28.8,1
2024-01-03,trot,Vincennes,C1,16,2700,3,7,5,6,12,2,11,13,7,6.0,1
2024-01-04,trot,Vincennes,C1,15,2100,3,15,5,2,8,4,1,12,12,8.6,1
2024-01-05,galop,Deauville,C7,16,2500,4,3,2,12,5,8,10,11,8,16.4,1
2024-01-06,trot,Vincennes,C4,16,2850,14,7,16,9,4,15,5,10,4,2.5,1
2024-01-07,trot,Vincennes,C4,15,2100,3,4,2,1,8,5,9,10,1,4.0,1
2024-01-08,trot,Vincennes,C1,16,2850,12,10,9,14,13,6,8,1,5,14.8,0
2024-01-09,trot,Vincennes,C1,16,2850,10,14,15,7,5,4,16,3,3,3.1,1
2024-01-10,galop,Pau,C2,16,4000,1,2,10,3,11,15,8,7,7,18.7,1
2024-01-11,trot,Cagnes,C1,16,2925,15,4,10,8,14,9,6,7,16,10.0,0
2024-01-12,galop,Deauville,C7,16,1900,9,6,5,2,11,3,16,14,16,3.7,1
2024-01-13,trot,Vincennes,C4,18,2850,15,8,17,9,18,5,13,4,8,1.5,1
2024-01-14,trot,Vincennes,C4,18,2850,10,5,11,3,2,9,4,7,9,3.3,1
2024-01-15,galop,Cagnes,C2,16,1600,2,6,1,13,88,4,9,11,11,9.2,1
2024-01-16,trot,Vincennes,C1,15,2700,10,15,13,4,8,12,7,6,4,12.3,1
2024-01-17,galop,Cagnes,C3,16,1600,13,1,3,2,6,7,8,9,12,13.9,0
2024-01-18,trot,Vincennes,C1,16,2100,16,13,7,2,5,14,10,1,9,50.0,0
2024-01-19,galop,Deauville,C7,16,1400,7,5,4,8,1,3,6,12,13,28.2,0
2024-01-20,trot,Vincennes,C4,16,2850,12,11,6,14,2,13,3,4,3,1.9,1
2024-01-21,trot,Vincennes,C4,18,2700,18,13,16,3,15,17,4,12,13,22.8,1
2024-01-22,galop,Pau,C2,16,3800,8,9,3,4,10,12,7,1,6,22.6,0
2024-01-23,galop,Cagnes,C3,16,2150,4,1,15,11,10,8,14,13,4,8.1,1
2024-01-24,trot,Cagnes,C1,15,2925,12,9,11,14,10,8,13,4,4,7.8,1
2024-01-25,trot,Vincennes,C1,16,2850,16,12,14,9,3,13,4,10,10,3.3,1
2024-01-26,galop,Deauville,C7,16,2500,6,13,1,7,2,10,5,8,12,12.2,0
2024-01-27,trot,Vincennes,C4,16,2100,7,4,6,16,8,10,1,9,3,8.8,0
2024-01-28,trot,Vincennes,C7,18,2700,12,11,14,6,7,4,5,13,7,2.6,1
2024-01-29,galop,Cagnes,C2,16,2150,4,2,6,1,10,5,16,14,13,3.3,0
2024-01-30,trot,Vincennes,C1,14,2850,2,3,11,4,12,14,7,13,3,12.9,1
2024-01-31,galop,Pau,C3,16,1600,4,2,6,11,9,8,1,10,9,15.0,1
2024-02-01,trot,Vincennes,C1,16,2850,15,5,14,12,13,11,3,9,14,11.5,1
2024-02-02,trot,Vincennes,C7,16,2850,12,9,11,10,5,8,2,7,10,4.1,1
2024-02-03,galop,Deauville,C3,16,1900,4,6,12,10,14,15,7,5,11,13.4,0
2024-02-04,trot,Vincennes,C4,16,2700,7,5,4,8,16,13,9,12,12,2.1,1
2024-02-05,galop,Cagnes,C2,16,1500,3,4,11,2,14,1,16,7,7,21.0,1
2024-02-06,trot,Vincennes,C2,15,1500,15,13,3,14,8,12,4,10,15,10.3,1
2024-02-07,galop,Cagnes,C3,16,1500,2,1,7,10,5,8,12,13,10,32.6,1
2024-02-08,trot,Vincennes,C1,16,2100,3,2,5,11,14,6,16,13,1,14.0,0
2024-02-09,trot,Vincennes,C8,16,2700,2,10,9,14,5,3,6,1,4,13.8,0
2024-02-10,trot,Vincennes,C4,14,2100,13,4,6,9,12,1,3,2,6,11.0,1
2024-02-11,trot,Vincennes,C3,18,2100,7,4,18,6,1,9,17,2,15,1.7,0
2024-02-12,galop,Cagnes,C2,16,2000,16,9,10,12,4,5,2,7,3,6.0,0
2024-02-13,trot,Vincennes,C1,15,2100,3,9,1,13,7,6,2,5,14,7.4,0
2024-02-14,trot,Vincennes,C1,16,2700,15,14,11,7,3,12,9,4,7,3.1,1
2024-02-15,trot,Vincennes,C1,15,2950,10,7,12,9,5,14,3,8,13,4.1,0
2024-02-16,trot,Vincennes,C8,16,2700,15,10,16,14,8,3,1,11,9,14.2,0
2024-02-17,galop,Cagnes,C4,16,2000,11,7,10,5,1,4,8,3,1,10.2,1
2024-02-18,trot,Vincennes,C4,16,2700,2,14,1,10,9,3,7,13,7,3.0,1
2024-02-19,trot,Vincennes,C1,16,2850,7,9,6,10,15,16,12,3,16,5.3,1
2024-02-20,trot,Vincennes,C1,16,2850,3,16,15,4,12,14,10,1,14,5.1,1
2024-02-21,galop,Cagnes,C3,16,2500,7,5,8,16,1,4,11,6,16,21.0,1
2024-02-22,trot,Vincennes,C1,16,2850,14,11,3,8,6,10,7,13,16,4.8,0
2024-02-23,trot,Vincennes,C8,16,2850,13,12,9,14,10,15,4,6,2,2.0,0
2024-02-24,galop,Auteuil,C4,16,3600,7,2,4,6,11,1,15,3,16,5.7,0
2024-02-25,trot,Vincennes,C3,16,4150,10,8,15,11,6,16,1,5,5,6.2,1
2024-02-26,galop,Cagnes,C2,16,1500,1,5,15,11,7,10,14,2,10,4.1,1
2024-02-27,galop,Marseille,C1,16,2000,3,11,9,1,7,4,8,6,7,7.1,1
2024-02-28,trot,Vincennes,C1,16,2700,6,12,16,13,14,1,2,5,12,24.3,1
2024-02-29,trot,Vincennes,C1,16,2925,4,7,5,1,2,13,8,15,16,4.2,0
2024-03-01,trot,Vincennes,C8,16,2850,5,13,16,9,7,14,8,15,15,13.7,1
2024-03-02,trot,Vincennes,C4,13,2700,6,10,11,12,7,8,3,4,9,3.0,0
2024-03-03,galop,Auteuil,C3,14,3600,1,3,2,13,6,10,5,11,13,3.8,1
2024-03-04,trot,Caen,C1,16,2450,6,15,8,2,5,13,4,11,5,13.7,1
2024-03-05,galop,Chantilly,C1,16,1600,3,4,14,5,7,9,12,6,12,3.7,1
2024-03-06,trot,Amiens,C1,16,2900,14,2,6,16,12,3,7,8,10,9.5,0
2024-03-07,galop,SaintCloud,C1,16,2000,11,10,9,5,14,1,7,12,6,7.1,0
2024-03-08,trot,Enghien,C8,19,2150,3,15,4,9,10,2,7,11,12,8.1,0
2024-03-09,galop,Auteuil,C6,15,3500,5,3,4,14,2,1,15,9,15,25.5,1
2024-03-10,trot,Cagnes,C4,13,1609,4,5,2,3,1,6,8,9,3,13.0,1
2024-03-11,trot,Caen,C4,16,2450,5,1,8,14,7,2,16,4,2,3.1,1
2024-03-12,galop,SaintCloud,C1,16,1400,6,14,13,4,2,11,16,9,5,17.1,0
2024-03-13,trot,Laval,C1,16,2850,7,2,8,12,11,13,4,1,13,2.4,1
2024-03-14,galop,Chantilly,C1,16,1900,9,7,12,16,15,14,13,1,14,11.3,1
2024-03-15,trot,Enghien,C8,16,2150,10,1,6,16,5,4,12,7,3,3.9,0
2024-03-16,galop,Chantilly,C4,16,2400,4,9,7,1,2,15,10,6,16,15.0,0
2024-03-17,galop,Auteuil,C4,16,2400,4,3,7,1,13,12,6,11,15,15.0,0
2024-03-18,galop,Chantilly,C1,16,1400,11,12,1,9,4,6,8,14,10,7.6,0
2024-03-19,galop,Compiegne,C1,16,1800,13,1,12,10,4,8,2,16,10,7.6,1
2024-03-20,trot,Lisieux,C1,16,2725,6,15,2,3,9,7,4,10,4,3.2,1
2024-03-21,galop,SaintCloud,C1,16,2100,2,7,4,8,10,9,11,13,1,4.7,0
2024-03-22,trot,Vincennes,C8,15,2850,11,8,2,13,5,7,14,3,8,36.3,1
2024-03-23,trot,Vincennes,C4,16,2850,16,14,11,10,2,12,5,4,5,3.2,1
2024-03-24,galop,Auteuil,C3,16,3600,14,9,12,1,6,3,2,7,1,4.7,1
2024-03-25,galop,Fontainebleau,C1,16,1200,15,10,5,4,11,2,9,1,13,5.5,0
2024-03-26,galop,SaintCloud,C1,16,3000,8,7,2,13,1,9,14,11,8,15.9,1
2024-03-27,trot,Marseille,C1,16,3000,6,5,3,14,10,11,2,4,2,10.8,1
2024-03-28,galop,Chantilly,C1,14,1900,14,1,6,2,5,4,13,8,9,16.2,0
2024-03-29,trot,Vincennes,C7,16,2700,11,14,16,13,12,2,6,5,8,11.6,0
2024-03-30,galop,Chantilly,C5,16,1600,1,8,3,2,11,9,6,16,13,6.7,0
2024-03-31,galop,Auteuil,C4,18,4400,4,8,13,5,10,3,1,9,11,6.6,0
2024-04-01,galop,StBrieux,C3,16,2000,1,4,9,11,3,6,5,13,9,3.9,1
2024-04-02,galop,Fontainebleau,C1,15,1400,2,7,1,3,4,9,10,6,8,15.0,0
2024-04-03,trot,Angers,C1,16,3100,11,10,6,5,7,9,2,1,2,7.5,1
2024-04-04,galop,Chantilly,C1,16,2400,5,3,4,8,2,1,11,13,11,17.4,1
2024-04-05,trot,Vincennes,C8,16,2700,14,11,8,13,3,16,6,5,2,4.7,0
2024-04-06,trot,Vincennes,C4,15,2700,13,8,12,15,7,5,6,14,5,12.1,1
2024-04-07,galop,Longchamps,C3,17,1400,1,14,3,17,2,12,9,15,4,9.1,0
2024-04-08,galop,Compiegne,C1,16,3800,6,9,10,2,3,8,13,15,8,4.3,1
2024-04-09,galop,Deauville,C1,15,1900,1,4,3,8,10,5,14,7,7,5.5,1
2024-04-10,trot,Lyon,C1,16,3250,10,4,9,7,13,8,11,12,11,12.2,1
2024-04-11,galop,Auteuil,C1,16,3900,1,12,7,9,3,6,2,5,11,6.5,0
2024-04-12,trot,Vincennes,C8,16,2850,14,8,12,9,1,5,7,2,5,8.2,1
2024-04-13,trot,Vincennes,C5,15,2700,14,9,8,6,11,15,4,10,1,20.4,0
2024-04-14,galop,Longchamps,C3,16,1600,6,2,8,12,11,13,7,5,16,9.8,0
2024-04-15,galop,Chantilly,C1,16,1200,6,12,5,14,4,2,3,15,4,6.2,1
2024-04-16,galop,Auteuil,C1,15,3900,3,7,10,2,1,8,4,13,1,15.7,1
2024-04-17,trot,Reims,C4,16,2550,15,3,7,5,12,1,11,13,10,2.0,0
2024-04-18,galop,Longchamps,C1,16,1300,16,1,9,12,10,11,15,7,16,12.8,1
2024-04-19,trot,Vincennes,C8,13,2100,6,5,1,12,13,4,7,2,7,2.7,1
2024-04-20,trot,Enghien,C4,16,2150,6,1,2,7,16,9,8,3,14,20.3,0
2024-04-21,galop,Auteuil,C4,17,4700,6,10,11,17,5,1,15,14,5,19.8,1
2024-04-22,galop,Bordeaux,C2,16,1900,10,6,3,5,14,12,1,7,2,16.2,0
2024-04-23,galop,Compiegne,C1,16,3600,6,3,2,8,9,4,7,5,16,54.0,0
2024-04-24,trot,Cordemais,C1,16,2800,11,5,2,13,10,3,1,7,1,3.8,1
2024-04-25,galop,Longchamps,C8,16,2150,14,6,7,5,9,10,8,11,6,4.3,1
2024-04-26,trot,Vincennes,C8,16,2850,5,11,1,3,10,14,9,2,1,4.4,1
2024-04-27,galop,Auteuil,C1,18,4300,8,4,1,16,5,7,14,3,16,10.6,1
2024-04-28,galop,Longchamps,C4,16,1400,2,8,12,10,9,16,11,3,7,13.2,0
2024-04-29,galop,Chantilly,C1,16,2000,2,12,3,5,1,11,13,14,11,8.7,1
2024-04-30,galop,Fontainebleau,C1,16,3000,4,15,12,10,13,16,3,5,11,11.0,0
2024-05-01,galop,SaintCloud,C3,14,1600,11,3,9,1,5,4,2,6,1,9.7,1
2024-05-02,galop,Chantilly,C8,16,1600,16,13,9,4,7,15,1,2,12,18.1,0
2024-05-03,trot,Vincennes,C4,16,2100,16,1,12,4,2,10,6,7,2,2.6,1
2024-05-04,trot,Vincennes,C4,14,2850,4,5,9,6,14,10,2,3,2,7.3,1
2024-05-05,galop,Longchamps,C4,16,2100,2,10,3,4,6,8,15,12,2,6.6,1
2024-05-06,trot,Vichy,C5,16,2950,12,9,11,10,8,14,6,15,6,22.3,1
2024-05-07,galop,Chantilly,C1,16,1200,2,10,6,1,5,7,11,4,2,6.0,1
2024-05-08,galop,Lyon,C3,16,2400,9,5,2,10,1,7,3,12,10,24.5,1
2024-05-09,galop,Longchamps,C7,16,1300,7,2,9,13,6,8,14,11,11,27.3,1
2024-05-10,trot,Vincennes,C4,16,2850,10,12,3,2,6,15,14,5,10,16.6,1
2024-05-11,trot,Caen,C4,16,2450,15,16,13,9,8,2,14,5,16,7.1,1
2024-05-12,galop,Longchamps,C4,16,2000,5,9,12,2,13,15,1,4,6,8.5,0
2024-05-13,trot,Vichy,C4,15,2950,13,14,4,9,5,1,6,10,13,6.2,1
2024-05-14,galop,SaintCloud,C1,16,1600,1,12,8,10,15,5,4,13,1,13.9,1
2024-05-15,trot,Vincennes,C1,16,2850,9,12,13,10,16,6,11,7,3,5.8,0
2024-05-16,galop,Longchamps,C7,20,2400,1,4,8,3,12,5,10,11,1,14.4,1
2024-05-17,trot,Vincennes,C4,16,2100,6,9,4,10,7,15,13,14,12,32.7,0
2024-05-18,galop,Auteuil,C4,14,5100,13,11,8,6,14,1,9,5,2,3.5,0
2024-05-19,galop,Auteuil,C5,14,6000,14,6,2,7,12,10,5,4,1,15.1,0
2024-05-20,galop,SaintCloud,C3,16,1400,5,12,15,3,9,8,10,13,12,20.0,1
2024-05-21,galop,Angers,C4,16,2300,2,7,1,4,3,9,13,5,13,6.3,1
2024-05-22,trot,CroiseLaroche,C1,14,2825,14,11,12,9,8,4,1,3,9,4.3,1
2024-05-23,galop,Longchamps,C7,16,2100,12,9,4,13,11,2,7,5,7,6.0,1
2024-05-24,trot,Vincennes,C4,15,2850,7,9,10,13,8,2,11,6,6,2.8,1
2024-05-25,trot,Enghien,C5,15,2150,5,1,11,2,6,9,7,13,11,19.3,1
2024-05-26,galop,Longchamps,C4,15,1600,6,4,3,5,9,1,7,12,7,5.2,1
2024-05-27,galop,Marseille,C4,16,2000,4,9,5,13,7,6,14,8,9,28.7,1
2024-05-28,galop,Auteuil,C1,16,3600,5,2,6,4,3,16,10,7,15,5.6,0
2024-05-29,galop,Strasbourg,C4,16,3000,1,3,16,9,14,8,10,7,8,5.9,1
2024-05-30,galop,Longchamps,C6,16,1850,14,2,15,11,13,7,10,3,2,1.5,1
2024-05-31,trot,Vincennes,C4,16,2850,11,6,16,8,1,13,7,3,6,24.9,1
2024-06-01,galop,Auteuil,C6,16,3500,13,15,9,8,10,11,7,12,10,6.0,1
2024-06-02,galop,Chantilly,C5,15,2100,6,9,12,7,5,13,1,2,2,3.6,1
2024-06-03,trot,Vichy,C4,14,3525,2,4,9,13,6,5,3,10,15,3.1,0
2024-06-04,galop,SaintCloud,C1,16,1600,13,7,6,2,4,3,14,15,5,3.9,0
2024-06-05,trot,Laval,C1,16,2850,4,16,7,5,2,9,6,3,7,8.3,1
2024-06-06,galop,Longchamps,C6,16,1300,7,2,1,13,4,3,11,10,4,24.0,1
2024-06-07,trot,Vincennes,C4,16,2850,7,2,14,5,10,11,12,3,7,8.3,1
2024-06-08,trot,Vincennes,C4,15,2175,10,14,11,15,13,6,8,9,5,20.3,0
2024-06-09,galop,Longchamps,C4,16,2000,8,2,11,5,15,14,13,4,9,2.3,0
2024-06-10,trot,Caen,C1,16,2450,9,8,2,3,13,11,10,4,10,1.7,1
2024-06-11,galop,SaintCloud,C1,16,1500,8,12,4,10,1,11,2,15,4,44.9,1
2024-06-12,galop,Compiegne,C1,16,1400,8,4,2,6,11,3,9,7,9,7.9,1
2024-06-13,galop,Longchamps,C6,16,2400,16,15,13,12,14,7,10,4,13,10.8,1
2024-06-14,trot,Vincennes,C4,15,2100,7,6,13,1,2,14,8,11,14,4.3,1
2024-06-15,trot,Enghien,C4,14,2150,5,3,13,1,8,2,7,10,14,24.1,0
2024-06-16,galop,Chantilly,C5,14,2100,10,13,11,5,4,1,14,6,13,15.7,1
2024-06-17,galop,SaintCloud,C1,16,2000,4,8,1,2,13,5,11,9,13,20.9,1
2024-06-18,galop,Nantes,C5,16,1600,6,1,3,10,4,15,7,5,6,21.6,1
2024-06-19,trot,Bordeaux,C2,16,2650,13,7,9,12,16,15,8,10,9,2.2,1
2024-06-20,galop,Longchamps,C7,16,2200,9,7,8,3,5,2,11,4,6,7.6,0
2024-06-21,trot,Vincennes,C4,16,2700,9,12,11,15,8,7,4,16,12,17.8,1
2024-06-22,galop,Compiegne,C4,16,2800,5,4,14,3,6,9,13,10,12,21.5,0
2024-06-23,trot,Vincennes,C4,16,2850,10,16,9,1,5,14,3,4,8,4.0,0
2024-06-24,galop,Lyon,C1,16,2000,2,10,11,13,6,9,12,1,16,8.2,0
2024-06-25,galop,Auteuil,C5,18,3600,2,11,3,13,15,8,4,16,5,5.6,0
2024-06-26,trot,Vichy,C4,15,2150,6,4,1,15,8,2,11,3,4,13.3,1
2024-06-27,galop,LaTeste,C8,16,1800,3,10,7,5,9,13,2,15,15,8.4,1
2024-06-28,trot,Vincennes,C4,16,2100,1,3,5,8,2,14,4,9,8,5.1,1
2024-06-29,trot,Enghien,C4,16,2150,5,14,8,3,11,2,7,1,5,10.0,1
2024-06-30,galop,SaintCloud,C3,16,1400,1,15,4,5,12,2,13,14,15,6.6,1
2024-07-01,galop,Clairefontaine,C4,16,3900,5,3,4,1,14,6,9,2,8,20.1,0
2024-07-02,trot,Vichy,C7,14,2950,13,5,10,7,12,6,4,11,9,9.8,0
2024-07-03,trot,Enghien,C7,16,2875,6,16,4,3,5,8,1,9,11,4.7,0
2024-07-04,galop,Longchamps,C7,16,1600,15,2,12,13,7,5,4,1,4,7.2,1
2024-07-05,trot,Cabourg,C4,13,2750,1,11,13,2,10,6,8,7,4,5.3,0
2024-07-06,trot,Enghien,C4,14,2875,14,10,6,4,7,13,5,8,10,12.8,1
2024-07-07,galop,Deauville,C3,16,1200,7,2,14,5,10,11,12,3,11,9.2,1
2024-07-08,trot,Sabledolonne,C7,13,2775,5,3,12,10,4,7,6,1,7,10.2,1
2024-07-09,galop,Compiegne,C8,16,2400,2,11,13,16,9,7,8,1,6,4.0,0
2024-07-10,trot,Enghien,C7,16,2150,3,9,11,6,13,8,5,7,11,2.5,1
2024-07-11,trot,Pornichet,C4,15,2725,2,3,12,11,1,9,7,5,11,5.1,1
2024-07-12,trot,Cabourg,C4,16,2750,9,2,4,11,8,7,14,16,14,2.6,1
2024-07-13,trot,Enghien,C4,16,2875,12,1,5,13,7,8,11,14,14,4.2,1
2024-07-14,galop,Chantilly,C3,16,1800,7,11,15,9,6,10,4,12,12,17.6,1
2024-07-15,trot,Argentan,C7,16,2875,15,12,13,14,16,7,3,6,2,2.4,0
2024-07-16,galop,Vichy,C4,16,1400,3,1,16,6,9,7,15,2,16,27.5,1
2024-07-17,galop,Vichy,C4,16,2400,7,8,9,3,14,11,1,2,10,9.1,0
2024-07-18,galop,Vichy,C7,16,2800,11,7,9,5,15,3,10,12,5,5.3,1
2024-07-19,trot,Cabourg,C4,15,2750,12,6,3,5,11,8,4,1,3,1.8,1
2024-07-20,trot,Enghien,C4,16,2150,6,5,2,1,9,8,3,12,5,7.2,1
2024-07-21,galop,LaTeste,C3,16,2000,1,8,6,9,4,12,14,16,10,9.0,0
2024-07-22,galop,Compiegne,C7,16,1600,3,5,8,6,13,7,14,15,6,9.3,1
2024-07-23,galop,Dieppe,C7,15,2200,15,3,6,11,8,14,10,5,8,6.3,1
2024-07-24,trot,Enghien,C7,16,2875,1,11,16,8,10,15,7,5,1,4.1,1
2024-07-25,galop,Clairefontaine,C7,16,3600,2,4,1,8,15,10,5,9,11,17.2,0
2024-07-26,trot,Cabourg,C4,15,2750,2,6,13,9,1,10,14,12,1,6.3,1
2024-07-27,trot,Enghien,C4,13,2875,13,7,8,12,9,11,1,10,5,8.7,0
2024-07-28,galop,Deauville,C3,16,1900,13,3,10,7,8,12,1,2,12,16.7,1
2024-07-29,galop,Dieppe,C7,16,1800,10,13,8,5,6,7,1,3,7,4.8,1
2024-07-30,galop,Deauville,C7,16,1400,13,11,8,3,9,7,6,5,1,15.4,0
2024-07-31,trot,Enghien,C7,16,2875,7,8,14,9,15,11,13,1,8,3.9,1
2024-08-01,galop,Deauville,C6,16,2500,12,11,7,14,4,5,1,6,12,3.3,1
2024-08-02,trot,Cabourg,C4,14,2750,12,11,7,14,4,5,1,6,2,2.2,0
2024-08-03,galop,Deauville,C3,16,1300,4,1,7,11,8,14,2,9,1,10.1,1
2024-08-04,galop,Deauville,C3,20,1600,4,17,13,20,1,5,12,14,10,41.3,0
2024-08-05,galop,Clairefontaine,C4,17,3600,8,10,5,11,2,17,4,6,14,11.8,0
2024-08-06,galop,Deauville,C7,16,1600,11,7,3,8,16,15,1,4,1,9.0,1
2024-08-07,trot,StMalo,C4,14,2950,11,13,9,8,12,7,1,4,2,3.0,0
2024-08-08,trot,Enghien,C7,14,2150,3,8,9,2,7,11,12,10,7,7.7,1
2024-08-09,trot,Cabourg,C4,16,2750,16,14,11,6,12,2,8,1,10,33.0,0
2024-08-10,galop,Deauville,C4,16,2000,2,8,3,1,5,4,14,6,13,5.4,0
2024-08-11,galop,Deauville,C4,16,2000,2,8,3,1,5,4,14,6,10,19.7,0
2024-08-12,galop,Deauville,C7,15,2400,1,6,10,3,9,8,11,14,6,10.3,1
2024-08-13,galop,Deauville,C7,16,1500,16,5,1,9,3,2,8,6,11,4.5,0
2024-08-14,trot,Enghien,C7,16,2150,3,4,11,12,2,1,14,10,5,10.8,0
2024-08-15,galop,Deauville,C3,17,1200,10,1,7,3,2,6,5,15,3,10.0,1
2024-08-16,trot,Cabourg,C4,14,2050,3,4,6,8,2,7,10,5,11,6.0,0
2024-08-17,galop,Deauville,C3,16,1900,3,5,6,7,8,1,2,9,7,9.7,1
2024-08-18,galop,Deauville,C3,16,1900,1,13,2,10,5,8,15,11,11,6.0,1
2024-08-19,galop,Clairefontaine,C7,16,4500,7,9,1,2,5,10,3,8,8,4.2,1
2024-08-20,galop,Deauville,C7,16,3200,5,1,12,2,8,10,9,3,14,19.3,0
2024-08-21,trot,Vincennes,C7,14,2700,10,12,11,8,14,7,13,5,8,5.6,1
2024-08-22,galop,Deauville,C8,16,1400,6,7,9,15,8,11,13,2,10,5.5,0
2024-08-23,trot,Cabourg,C4,16,2750,11,14,9,15,16,2,10,13,15,3.7,1
2024-08-24,galop,Clairefontaine,C3,16,2400,7,12,2,10,4,14,13,11,14,5.1,1
2024-08-25,galop,Deauville,C3,16,1500,9,8,2,6,7,4,14,1,2,13.1,1
2024-08-26,trot,Vincennes,C7,16,2850,15,6,16,5,1,12,7,3,6,3.6,1
2024-08-27,galop,Dieppe,C7,14,1100,4,2,9,5,3,13,7,1,5,12.9,1
2024-08-28,galop,Compiegne,C7,16,2000,4,1,14,7,2,12,3,5,13,11.4,0
2024-08-29,galop,Longchamps,C7,16,1600,1,6,3,9,2,15,16,10,15,11.7,1
2024-08-30,trot,Vincennes,C4,13,2700,4,1,7,12,9,13,8,11,8,5.5,1
2024-08-31,trot,Vincennes,C4,17,2700,16,17,8,14,13,10,2,5,10,1.7,1
2024-09-01,galop,Longchamps,C3,16,2400,8,9,13,1,7,12,16,4,7,21.4,1
2024-09-02,trot,Craon,C1,16,2775,16,13,1,11,5,7,14,3,9,11.3,0
2024-09-03,galop,Chantilly,C1,16,1600,2,4,13,8,10,5,6,12,2,11.0,1
2024-09-04,trot,LaCapelle,C1,13,1800,3,2,5,8,4,7,9,12,9,1.6,1
2024-09-05,galop,Longchamps,C5,16,1400,4,6,12,1,11,15,7,8,4,12.7,1
2024-09-06,trot,Vincennes,C4,16,2850,16,1,8,15,11,9,6,2,16,10.1,1
2024-09-07,trot,Beaumont,C4,16,2700,1,5,4,15,6,12,8,10,4,2.3,1
2024-09-08,galop,Longchamps,C4,14,1850,2,6,3,7,10,14,11,5,12,22.1,0
2024-09-09,trot,Vincennes,C4,16,2550,14,6,16,7,2,13,5,12,7,5.4,1
2024-09-10,galop,Auteuil,C1,16,3600,1,4,6,8,14,15,7,13,3,7.3,0
2024-09-11,trot,LeMans,C1,16,2950,9,10,5,8,11,12,13,3,7,4.3,0
2024-09-12,galop,Longchamps,C1,16,2400,6,4,7,8,3,14,16,12,6,16.6,1
2024-09-13,trot,Vincennes,C4,16,2100,8,9,12,4,11,10,3,7,7,5.2,1
2024-09-14,trot,Vincennes,C4,17,3000,16,13,8,14,6,9,15,5,6,18.5,1
2024-09-15,galop,Longchamps,C4,16,2000,3,2,6,9,11,14,13,16,1,8.7,0
2024-09-16,galop,Chantilly,C1,16,1200,3,6,4,2,14,9,16,13,15,28.8,0
2024-09-17,galop,Compiegne,C1,16,1400,6,3,5,16,8,2,11,9,15,22.0,0
2024-09-18,trot,Lyon,C1,14,2850,14,7,12,3,4,11,10,13,11,3.0,1
2024-09-19,trot,Vincennes,C1,13,2700,4,5,11,1,8,9,7,2,6,2.4,0
2024-09-20,trot,Vincennes,C4,14,2700,12,10,13,9,2,11,14,6,8,5.4,0
2024-09-21,galop,Chantilly,C3,16,1800,14,15,13,9,5,16,7,12,5,14.3,1
2024-09-22,trot,Vincennes,C4,15,2700,13,9,15,12,7,8,1,10,10,14.8,1
2024-09-23,galop,Auteuil,C4,14,2750,9,6,1,2,8,3,11,5,14,6.5,0
2024-09-24,trot,Vincennes,C1,13,3600,11,12,10,9,1,8,13,5,9,1.5,1
2024-09-25,trot,Cherbourg,C1,16,2600,6,7,3,4,13,10,9,8,4,1.8,1
2024-09-26,galop,Chantilly,C2,16,3000,4,12,1,2,13,16,6,5,3,14.4,0
2024-09-27,trot,Vincennes,C4,16,2850,7,13,3,12,11,15,6,1,4,3.2,0
2024-09-28,galop,Auteuil,C3,16,3900,6,4,11,5,9,12,8,14,3,17.4,0
2024-09-29,trot,Vincennes,C4,16,2700,14,13,1,9,2,8,15,4,1,11.0,1
2024-09-30,trot,Enghien,C1,14,2875,8,13,12,11,7,5,10,9,9,4.1,1
2024-10-01,galop,Chantilly,C1,16,1900,7,13,3,2,9,6,5,1,5,10.9,1
2024-10-02,trot,MeslayduMaine,C1,16,2875,4,5,9,3,16,2,15,6,3,41.9,1
2024-10-03,galop,Compiegne,C1,18,3600,6,3,11,2,14,5,1,10,11,12.2,1
2024-10-04,trot,Vincennes,C4,15,2700,13,5,11,12,2,15,4,9,15,4.3,1
2024-10-05,galop,Longchamps,C4,18,1600,9,11,6,2,7,5,3,4,15,16.1,0
2024-10-06,galop,Longchamps,C5,16,2400,13,9,12,7,10,14,3,4,13,6.5,1
2024-10-07,trot,Enghien,C1,13,2875,13,8,4,11,10,5,1,9,2,6.6,0
2024-10-08,galop,Auteuil,C1,16,3600,1,6,11,14,10,3,4,13,14,16.4,1
2024-10-09,trot,Enghien,C1,15,2875,12,5,8,6,13,1,11,4,13,16.8,1
2024-10-10,galop,SaintCloud,C1,16,1600,1,2,13,9,8,4,6,12,10,12.8,0
2024-10-11,trot,Vincennes,C4,13,2100,3,2,1,12,4,7,6,10,3,4.7,1
2024-10-12,trot,Caen,C4,16,2450,8,1,11,16,6,2,4,5,8,4.7,1
2024-10-13,galop,Auteuil,C3,13,3700,1,6,9,10,3,8,5,4,12,4.6,0
2024-10-14,galop,SaintCloud,C1,16,1600,11,4,1,6,7,3,13,8,4,10.5,1
2024-10-15,galop,Chantilly,C2,16,1900,14,9,10,6,7,11,8,15,15,7.3,1
2024-10-16,trot,StGalmier,C1,14,2625,10,4,12,3,14,7,9,8,9,2.1,1
2024-10-17,galop,Chantilly,C1,16,1200,1,2,6,15,8,10,4,9,11,10.5,0
2024-10-18,trot,Vincennes,C4,14,2850,9,5,14,11,4,8,3,13,5,4.5,1
2024-10-19,galop,Auteuil,C3,16,3900,6,5,11,13,14,7,2,1,7,12.0,1
2024-10-20,galop,Longchamps,C4,14,3100,4,7,5,12,8,13,1,3,14,10.4,0
2024-10-21,galop,Deauville,C1,16,1900,1,3,10,11,4,7,6,5,14,6.8,0
2024-10-22,galop,Clairefontaine,C1,16,2400,11,3,6,13,1,14,4,7,6,35.8,1
2024-10-23,trot,Agen,C1,15,2625,13,15,9,7,3,14,1,2,9,10.0,1
2024-10-24,galop,Auteuil,C1,17,4700,1,5,11,12,14,4,7,9,4,8.8,1
2024-10-25,trot,Vincennes,C1,15,2700,15,14,10,8,7,12,4,9,4,5.5,1
2024-10-26,galop,Chantilly,C4,16,2200,5,8,11,1,3,4,6,15,10,9.9,0
2024-10-27,galop,SaintCloud,C6,16,2500,14,7,6,1,4,9,13,8,12,8.6,0
2024-10-28,galop,Chantilly,C5,16,1400,4,3,7,9,5,10,13,1,11,14.8,0
2024-10-29,galop,Chantilly,C3,16,1600,9,6,2,1,3,12,13,10,3,12.2,1
2024-10-30,galop,Auteuil,C3,16,3600,2,5,12,7,1,3,13,9,8,10.7,0
2024-10-31,trot,Vincennes,C1,16,2700,16,13,5,9,11,12,14,8,2,5.7,0
2024-11-01,trot,Laval,C4,16,2850,12,16,15,13,5,9,10,4,7,1.6,0
2024-11-02,galop,Compiegne,C6,14,3600,10,9,1,2,3,8,14,5,1,23.7,1
2024-11-03,galop,Deauville,C3,16,1900,9,11,7,8,6,2,10,5,10,4.8,1
2024-11-04,galop,Fontainebleau,C3,16,1200,8,6,1,15,10,3,2,12,8,14.4,1
2024-11-05,trot,Vincennes,C1,16,2100,13,8,6,9,12,7,3,4,9,2.3,1
2024-11-06,trot,Nantes,C2,16,3000,5,8,4,13,12,15,2,16,4,14.5,1
2024-11-08,trot,Vincennes,C5,16,2700,16,10,13,14,11,15,3,2,14,4.1,1
2024-11-09,trot,Vincennes,C5,15,2100,6,8,14,3,7,1,12,4,12,1.7,1
2024-11-10,galop,SaintCloud,C5,16,1600,2,6,9,16,1,8,5,13,11,6.5,0
2024-11-11,galop,Toulouse,C3,16,2400,6,15,2,13,3,12,1,9,14,74.1,0
2024-11-12,galop,Chantilly,C4,16,1900,3,16,7,1,15,10,5,4,7,8.5,1
2024-11-13,trot,Mauquenchy,C4,16,2150,1,9,5,4,7,11,10,13,15,11.8,0
2024-11-14,galop,Fontainebleau,C5,16,2000,7,13,6,4,9,11,12,16,6,9.2,1
2024-11-15,trot,Vincennes,C4,14,2100,5,1,7,14,3,9,8,4,3,8.8,1
2024-11-16,galop,Auteuil,C6,16,4300,5,6,15,12,9,2,7,14,3,4.3,0
2024-11-17,trot,Vincennes,C4,18,2700,4,15,11,12,10,18,9,17,2,14.5,0
2024-11-18,trot,Vincennes,C1,14,2700,3,5,4,11,8,6,7,12,10,7.9,0
2024-11-19,galop,Chantilly,C5,16,1600,7,8,3,13,2,1,5,11,2,16.6,1
2024-11-20,trot,Toulouse,C1,14,2950,6,13,11,8,5,7,12,9,2,2.1,0
2024-11-21,trot,Vincennes,C1,16,2850,8,13,6,14,5,4,7,12,7,4.2,1
2024-11-22,trot,Vincennes,C4,16,2700,9,2,6,14,12,15,5,11,7,5.3,0
2024-11-23,trot,Vincennes,C4,16,2700,16,13,12,1,15,2,10,6,6,46.9,1
2024-11-24,galop,Auteuil,C6,16,3900,1,8,4,16,14,12,13,7,9,10.0,0
2024-11-25,trot,Vincennes,C1,16,2700,12,13,8,14,4,5,15,9,13,2.1,1
2024-11-26,galop,Deauville,C2,16,2500,7,3,2,1,16,6,14,8,9,18.4,0
2024-11-27,galop,Deauville,C2,19,1300,3,1,13,6,11,10,2,7,6,16.0,1
2024-11-28,trot,Vincennes,C1,16,2100,10,7,15,3,5,16,2,6,10,11.5,1
2024-11-29,trot,Vincennes,C4,14,2850,12,9,7,11,5,6,13,14,13,47.4,1
2024-11-30,trot,Vincennes,C4,15,2700,13,1,3,6,4,5,9,14,14,3.7,1
2024-12-01,trot,Vincennes,C4,14,2850,11,13,1,7,6,8,14,5,12,5.8,0
2024-12-02,trot,Vincennes,C1,16,2700,9,7,10,16,15,1,14,12,15,4.7,1
2024-12-03,galop,Deauville,C1,16,1900,1,9,12,3,6,4,2,8,5,29.5,0
2024-12-04,trot,Vincennes,C1,14,2100,3,13,5,7,14,12,2,9,10,3.6,0
2024-12-05,trot,Vincennes,C1,16,2100,3,9,13,6,8,11,12,1,9,3.2,1
2024-12-06,trot,Vincennes,C4,16,2100,2,16,12,15,11,5,8,7,3,4.5,0
2024-12-07,trot,Vincennes,C4,17,2700,17,8,10,6,11,14,12,15,5,47.4,0
2024-12-08,trot,Vincennes,C4,18,2850,17,5,15,9,16,10,11,1,2,7.8,0
2024-12-09,galop,Cagnes,C3,16,4000,3,6,5,14,2,4,8,13,3,3.8,1
2024-12-10,galop,Chantilly,C4,16,1600,9,7,3,2,4,8,1,16,14,6.9,0
2024-12-11,trot,Vincennes,C1,15,2100,2,8,3,11,6,7,5,12,12,3.6,1
2024-12-12,galop,Chantilly,C5,16,3200,4,13,1,9,16,12,2,6,2,5.3,1
2024-12-13,trot,Vincennes,C8,14,2850,12,13,6,2,8,1,14,10,10,2.4,1
2024-12-14,trot,Vincennes,C4,14,2700,12,5,13,14,9,11,10,8,13,5.6,1
2024-12-15,trot,Vincennes,C4,14,2850,9,14,7,11,6,8,1,4,4,2.7,1
2024-12-16,galop,Cagnes,C4,16,3500,11,3,7,6,1,9,8,13,9,30.0,1
2024-12-17,galop,Pau,C4,15,3500,5,9,6,2,7,13,3,8,6,7.8,1
2024-12-18,trot,Vincennes,C1,16,2850,8,15,10,11,9,5,4,1,11,8.0,1
2024-12-19,galop,Chantilly,C1,16,1300,1,9,3,4,11,6,7,13,2,11.3,0
2024-12-20,trot,Vincennes,C8,16,2700,11,6,8,4,13,10,14,3,8,1.6,1
2024-12-21,trot,Vincennes,C4,16,2700,11,4,16,9,13,15,14,7,4,13.4,1
2024-12-22,trot,Vincennes,C4,18,2100,3,4,2,17,18,1,9,16,16,3.8,1
2024-12-23,galop,Deauville,C1,16,2500,2,3,6,1,4,15,10,13,4,5.6,1
2024-12-24,trot,Vincennes,C6,15,2700,8,10,11,15,3,5,13,12,12,6.4,1
2024-12-25,trot,Vincennes,C4,16,2700,9,14,4,11,16,13,7,12,11,7.0,1
2024-12-26,galop,Chantilly,C4,16,1900,8,1,2,14,3,6,11,5,13,6.6,0
2024-12-27,trot,Vincennes,C8,15,2100,14,10,13,4,12,2,15,6,2,11.2,1
2024-12-28,trot,Vincennes,C4,16,2700,3,12,16,15,5,14,7,13,3,17.1,1
2024-12-29,trot,Vincennes,C4,18,2100,5,6,2,4,3,7,9,1,9,3.7,1
2024-12-30,galop,Cagnes,C3,16,4000,2,1,10,11,7,5,13,3,1,7.7,1
2024-12-31,trot,Vincennes,C6,15,2700,5,3,9,13,6,7,14,8,7,9.1,1
2025-01-01,trot,Vincennes,C5,16,2100,6,2,3,13,7,1,11,14,13,2.5,1
2025-01-02,galop,Pau,C4,16,3800,5,8,2,13,12,7,6,3,12,10.1,1
2025-01-03,trot,Vincennes,C7,14,2100,4,1,11,14,2,6,7,10,6,2.6,1
2025-01-04,trot,Vincennes,C4,14,2100,2,5,6,7,12,8,14,9,14,8.4,1
2025-01-05,trot,Vincennes,C4,15,2100,7,8,3,13,6,1,2,4,8,3.5,1
2025-01-06,trot,Vincennes,C1,15,2700,10,13,6,11,4,15,7,14,3,26.0,0
2025-01-07,trot,Vincennes,C1,16,2850,13,12,8,5,15,2,6,14,5,8.4,1
2025-01-08,galop,Pau,C2,16,4000,12,4,5,2,8,1,13,7,8,19.9,1
2025-01-09,trot,Cagnes,C1,16,2925,6,2,7,9,5,4,10,15,6,15.9,1
2025-01-10,galop,Deauville,C8,16,1400,1,16,8,11,3,2,6,4,14,5.2,0
2025-01-11,trot,Vincennes,C4,15,2850,9,3,7,15,6,12,4,8,7,3.1,1
2025-01-12,galop,Cagnes,C4,16,2850,5,8,2,1,4,12,9,11,2,10.5,1
2025-01-13,trot,Vincennes,C2,15,2000,8,1,15,12,7,13,9,14,8,4.3,1
2025-01-14,trot,Vincennes,C1,14,2850,4,2,5,10,7,6,13,12,6,9.4,1
2025-01-15,galop,Cagnes,C2,16,2000,1,10,16,3,5,15,2,9,16,6.8,1
2025-01-16,trot,Vincennes,C1,16,2100,6,2,5,7,15,16,8,9,16,3.7,1
2025-01-17,galop,Deauville,C8,16,2500,2,8,4,6,11,1,5,7,4,26.8,1
2025-01-18,trot,Vincennes,C4,14,2700,3,8,12,4,11,1,10,7,4,2.0,1
2025-01-19,trot,Vincennes,C4,18,2700,8,17,5,13,18,2,15,1,18,3.8,1
2025-01-20,galop,Cagnes,C4,16,1500,2,5,3,12,1,9,13,10,12,6.7,1
2025-01-21,galop,Pau,C2,16,3800,3,5,9,1,15,7,8,13,13,6.3,1
2025-01-22,trot,Cagnes,C4,15,2950,12,13,6,10,11,1,8,4,1,7.4,1
2025-01-23,trot,Vincennes,C1,14,2700,12,6,2,7,8,14,9,3,12,12.8,1
2025-01-24,galop,Deauville,C8,16,1900,8,1,6,7,4,3,15,14,16,6.3,0
2025-01-25,trot,Vincennes,C4,18,2700,18,11,15,16,3,5,6,14,18,12.9,1
2025-01-26,trot,Vincennes,C6,18,2700,16,18,13,7,17,11,2,8,7,3.3,1
2025-01-27,galop,Cagnes,C3,15,1500,1,4,6,2,10,5,11,9,14,7.0,0
2025-01-28,trot,Vincennes,C1,14,2850,5,14,3,7,11,9,13,12,13,10.1,1
2025-01-29,galop,Pau,C1,16,4700,9,1,5,7,8,2,16,10,9,14.9,1
2025-01-30,trot,Vincennes,C1,16,2850,10,15,13,3,9,6,12,16,10,11.5,1
2025-01-31,trot,Vincennes,C9,16,2850,1,14,9,12,5,8,7,13,1,4.8,1
2025-02-01,galop,Deauville,C3,16,1400,16,12,8,10,14,2,4,7,12,19.3,1
2025-02-02,trot,Vincennes,C4,16,2700,11,7,8,15,5,4,13,16,1,4.4,0
2025-02-03,galop,Cagnes,C1,16,2150,6,10,9,5,13,4,12,1,13,5.8,1
2025-02-04,trot,Vincennes,C1,13,2700,10,8,6,13,11,1,7,9,10,3.1,1
2025-02-05,galop,Cagnes,C2,16,2150,1,10,8,2,13,11,6,14,13,12.7,1
2025-02-06,trot,Vincennes,C1,16,2100,5,9,16,1,10,7,3,2,9,8.0,1
2025-02-07,trot,Vincennes,C8,13,2700,11,2,13,4,5,12,3,9,3,14.0,1
2025-02-08,trot,Vincennes,C4,16,2850,16,15,6,14,9,7,13,12,10,7.1,0
2025-02-09,trot,Vincennes,C4,13,2100,4,2,9,11,12,3,6,7,2,1.5,1
2025-02-10,galop,Cagnes,C3,16,1500,7,4,1,2,5,15,12,9,15,24.9,1
2025-02-11,trot,Vincennes,C1,16,2700,12,3,6,16,10,11,1,9,6,8.4,1
2025-02-12,trot,Vincennes,C1,16,2700,12,13,6,15,8,4,16,5,13,3.0,1
2025-02-13,trot,Cagnes,C4,15,2925,8,15,10,14,7,11,9,3,2,10.0,0
2025-02-14,trot,Vincennes,C8,14,2700,4,11,9,7,12,13,8,1,1,7.8,1
2025-02-15,galop,Auteuil,C4,16,3600,8,1,5,13,6,10,4,16,10,5.5,1
2025-02-16,trot,Vincennes,C4,15,2850,13,9,5,8,7,4,11,10,7,12.5,1
2025-02-17,trot,Vincennes,C1,16,2850,15,11,12,4,6,16,5,10,4,17.1,1
2025-02-18,trot,Vincennes,C1,16,2100,4,3,6,8,7,11,2,9,6,8.0,1
2025-02-19,galop,Cagnes,C4,16,2000,4,9,6,7,1,2,13,15,9,5.8,1
2025-02-20,trot,Vincennes,C1,16,2850,15,11,6,14,13,4,9,1,13,11.3,1
2025-02-21,trot,Vincennes,C8,15,2100,12,11,1,5,6,2,8,4,3,6.5,0
2025-02-22,galop,Cagnes,C4,16,1600,13,16,11,6,10,14,1,12,6,3.6,1
2025-02-23,trot,Vincennes,C4,14,4150,16,2,8,9,3,12,7,4,12,6.8,1
2025-02-24,galop,Auteuil,C1,18,3600,8,4,11,5,1,12,6,2,11,12.1,1
2025-02-25,trot,Cagnes,C1,16,2400,1,5,2,3,9,4,16,14,14,4.6,1
2025-02-26,trot,Vincennes,C1,16,2100,7,8,12,5,3,14,13,15,2,4.0,0
2025-02-27,trot,Cagnes,C4,15,2950,16,9,15,6,8,10,4,14,10,7.3,1
2025-02-28,trot,Vincennes,C8,14,2700,11,12,14,5,6,16,1,8,14,12.1,1
2025-03-01,trot,Vincennes,C4,14,2200,14,2,11,13,1,4,7,10,14,3.7,1
2025-03-02,galop,Auteuil,C3,13,4400,9,5,3,11,13,6,7,12,10,10.1,0
2025-03-03,trot,Caen,C1,15,2450,6,4,8,5,2,12,13,3,12,17.3,1
2025-03-04,galop,Chantilly,C1,16,1900,2,9,3,7,5,10,6,14,11,8.1,0
2025-03-05,trot,Amiens,C1,16,2900,8,1,7,5,6,16,10,2,11,11.5,0
2025-03-06,galop,SaintCloud,C1,16,2000,3,16,5,2,12,6,7,14,13,5.1,0
2025-03-07,trot,Enghien,C8,16,2150,8,14,2,15,1,7,3,6,11,7.6,0
2025-03-08,galop,Auteuil,C3,16,3900,3,1,11,13,7,10,12,2,6,15.1,0
2025-03-09,trot,Cagnes,C4,15,2925,13,15,8,1,5,3,4,7,14,11.9,0
2025-03-10,trot,Caen,C1,16,2450,6,8,3,9,14,2,10,16,16,2.1,1
2025-03-11,galop,SaintCloud,C1,16,1400,1,2,3,4,14,5,10,11,3,5.9,1
2025-03-12,trot,Laval,C1,16,2850,6,4,13,7,9,2,8,1,7,4.0,1
2025-03-13,galop,Chantilly,C1,16,1400,9,14,6,1,8,15,10,6,15,2.8,1
2025-03-14,trot,Enghien,C8,16,2150,7,2,6,1,13,5,16,11,8,2.2,0
2025-03-15,galop,Auteuil,C4,16,3600,3,4,1,7,5,2,12,8,2,8.4,1
2025-03-16,galop,SaintCloud,C3,16,2400,7,1,9,5,3,14,4,10,9,17.8,1
2025-03-17,galop,Chantilly,C1,16,1400,4,12,10,7,8,15,2,11,12,17.2,1
2025-03-18,galop,Fontainebleau,C1,16,1200,9,5,6,8,11,7,4,2,5,4.0,1
2025-03-19,trot,Argentan,C1,16,2875,8,14,7,9,5,3,4,12,15,4.7,0
2025-03-20,galop,SaintCloud,C1,16,2100,9,8,2,6,7,1,3,10,9,12.7,1
2025-03-21,trot,Vincennes,C8,16,2850,9,10,13,15,6,5,8,2,12,7.1,0
2025-03-22,trot,Vincennes,C4,16,2850,13,16,11,6,10,14,1,12,15,2.1,0
2025-03-23,galop,Auteuil,C4,18,4400,16,2,8,9,3,12,7,4,3,9.5,1
2025-03-24,galop,Chantilly,C1,16,1900,3,2,7,4,14,8,11,5,7,8.6,1
2025-03-25,galop,SaintCloud,C1,16,1600,11,6,15,12,1,2,8,13,6,17.3,1
2025-03-26,trot,SalonProvence,C1,16,3000,3,6,5,7,11,8,16,9,11,1.8,1
2025-03-27,galop,Chantilly,C1,16,1600,16,9,15,6,8,10,4,14,2,43.5,0
2025-03-28,trot,Vincennes,C8,16,2700,11,12,14,5,6,16,1,8,16,1.1,1
2025-03-29,galop,SaintCloud,C3,16,2000,5,3,7,1,11,9,4,15,2,18.3,0
2025-03-30,galop,Auteuil,C3,16,3900,4,5,9,12,2,6,7,1,6,3.6,1
2025-03-31,galop,Chantilly,C1,16,1900,6,4,8,10,3,1,5,2,9,14.4,0
2025-04-01,galop,Fontainebleau,C1,16,3000,6,9,1,13,2,4,14,10,7,3.6,0
2025-04-02,trot,Angers,C1,16,3100,16,13,10,12,4,3,7,2,12,3.0,1
2025-04-03,galop,Chantilly,C1,16,1600,3,12,8,11,13,2,16,1,12,8.8,1
2025-04-04,trot,Vincennes,C8,16,2700,4,7,6,1,11,5,12,2,5,12.1,1
2025-04-05,trot,Vincennes,C5,13,2700,5,7,6,11,10,13,12,3,13,2.8,1
2025-04-06,galop,Longchamps,C3,20,1400,10,2,3,8,12,9,14,15,3,5.9,1
2025-04-07,galop,Compiegne,C4,16,3800,7,4,2,5,11,6,14,12,5,7.9,1
2025-04-08,galop,Deauville,C1,16,1900,1,4,7,14,11,6,13,9,14,22.3,1
2025-04-09,trot,Reims,C1,15,2550,11,10,15,1,2,13,9,7,13,2.1,1
2025-04-10,trot,Reims,C2,15,3900,11,10,15,1,2,13,9,7,1,19.6,1
2025-04-11,galop,Auteuil,C1,18,2850,4,3,5,13,2,1,11,10,3,9.2,1
2025-04-12,trot,Vincennes,C8,15,2700,13,3,2,11,7,15,1,8,1,7.9,1
2025-04-13,trot,Vincennes,C3,15,2400,14,15,3,13,6,9,8,12,13,5.8,1
2025-04-14,galop,Longchamps,C1,16,1200,1,2,8,6,3,5,12,10,3,15.2,1
2025-04-15,galop,Chantilly,C1,16,3600,13,9,3,5,8,15,2,4,8,62.4,1
2025-04-16,galop,Auteuil,C4,16,2800,1,2,15,6,7,3,5,11,1,11.1,1
2025-04-17,trot,Pontchateau,C1,6,2000,15,4,3,8,2,10,16,12,3,17.8,1
2025-04-18,galop,Longchamps,C8,16,2700,3,8,12,9,4,6,5,7,6,16.2,1
2025-04-19,trot,Vincennes,C4,14,2150,10,13,7,12,5,6,8,9,7,8.3,1
2025-04-20,trot,Enghien,C3,16,4700,1,3,2,6,4,13,11,15,3,7.5,1
2025-04-21,galop,Auteuil,C3,15,1600,5,10,4,8,6,3,14,1,3,9.8,1
2025-04-22,galop,Fontainebleau,C1,16,3800,3,10,15,2,12,5,4,6,4,7.7,1
2025-04-23,galop,Compiegne,C1,18,2850,8,3,2,5,9,4,1,6,2,15.2,1
2025-04-24,trot,MaureBretagne,C9,16,1300,10,3,14,7,9,11,2,4,2,34.4,1
2025-04-25,galop,Longchamps,C8,16,2850,14,11,7,1,5,2,10,12,5,5.8,1
2025-04-26,trot,Vincennes,C3,19,4300,14,5,3,7,6,10,8,11,7,10.8,1
2025-04-27,galop,Auteuil,C3,16,1400,1,4,14,18,13,5,17,3,11,46.6,0
2025-04-28,galop,Chantilly,C1,16,1900,2,4,9,16,3,8,11,15,8,14.4,1
2025-04-29,galop,Bordeaux,C1,16,1600,6,14,11,2,3,7,12,8,7,9.4,1
2025-04-30,galop,Longchamps,C1,16,2000,4,5,7,1,9,3,8,2,3,3.5,1
2025-05-01,galop,SaintCloud,C3,16,3100,4,3,6,8,1,9,12,2,6,9.7,1
2025-05-02,trot,Vincennes,C4,13,2100,6,15,2,11,7,4,5,9,2,8.9,1
2025-05-03,trot,Vincennes,C4,16,2850,8,13,9,12,11,3,4,5,8,3.4,1
2025-05-04,galop,Longchamps,C4,16,1600,2,11,5,6,1,9,7,8,16,16.0,0
2025-05-05,trot,Vichy,C4,16,2950,16,9,3,15,4,2,8,6,16,7.4,1
2025-05-06,galop,Chantilly,C1,16,1200,2,4,7,15,5,1,9,8,11,5.7,0
2025-05-07,galop,Longchamps,C7,16,2400,6,7,16,14,2,9,4,15,8,6.2,0
2025-05-08,galop,Lyon,C3,16,1600,2,6,1,14,4,8,11,10,12,11.3,0
2025-05-09,trot,Vincennes,C4,16,2850,16,10,2,7,13,9,14,8,10,7.4,1
2025-05-10,trot,Caen,C4,20,2450,4,7,1,8,6,12,9,10,7,3.4,1
2025-05-11,galop,Longchamps,C3,14,2000,1,15,3,16,8,10,6,18,2,22.9,0
2025-05-12,trot,Vichy,C4,16,2150,1,6,4,3,5,8,7,13,8,17.0,1
2025-05-13,galop,SaintCloud,C1,16,1400,2,7,10,12,3,4,5,6,11,14.6,0
2025-05-14,trot,Vincennes,C1,16,2700,8,12,6,14,3,16,11,13,14,18.3,1
2025-05-15,galop,Longchamps,C7,16,1400,10,4,7,9,8,6,1,14,4,10.1,1
2025-05-16,trot,Vincennes,C4,13,2700,10,6,8,11,13,9,2,3,7,5.7,0
2025-05-17,galop,Auteuil,C5,14,3600,4,12,9,6,5,13,3,11,16,10.2,0
2025-05-18,galop,Auteuil,C4,16,6000,6,10,13,8,12,9,14,5,5,11.6,1
2025-05-19,galop,SaintCloud,C1,16,2100,6,16,5,3,1,13,4,15,15,4.3,1
2025-05-20,galop,Angers,C4,16,2300,3,14,5,1,10,16,9,11,3,13.1,1
2025-05-21,trot,CroiseLaroche,C1,16,2800,14,2,5,8,6,9,11,1,5,10.2,1
2025-05-22,galop,Longchamps,C7,16,1400,5,4,15,13,3,7,6,11,5,8.4,1
2025-05-23,trot,Vincennes,C4,16,2850,10,16,11,14,4,8,15,5,2,6.6,0
2025-05-24,trot,Enghien,C5,15,2150,6,3,11,13,2,8,14,10,2,4.3,1
2025-05-25,galop,Longchamps,C4,16,2100,3,10,2,4,1,13,9,14,2,9.1,1
2025-05-26,galop,Marseille,C4,16,2000,7,14,4,5,1,8,2,9,2,9.0,1
2025-05-27,galop,Auteuil,C1,18,3600,1,8,4,7,14,5,6,11,5,4.0,1
2025-05-28,galop,Strasbourg,C4,16,3000,8,1,4,10,16,3,2,6,4,9.2,1
2025-05-29,galop,Longchamps,C6,16,1600,12,2,11,14,6,8,16,13,1,7.1,0
2025-05-30,trot,Vincennes,C4,14,2850,10,9,13,1,4,5,7,12,8,26.6,0
2025-05-31,galop,Auteuil,C8,16,3600,5,2,8,1,14,3,9,15,4,5.2,0
2025-06-01,galop,Chantilly,C5,18,2100,15,17,7,6,2,5,16,11,12,3.4,0
2025-06-02,trot,Vichy,C4,14,2800,4,10,12,3,2,5,1,8,1,6.2,1
2025-06-03,galop,SaintCloud,C1,15,2400,6,1,8,13,11,12,14,7,1,4.7,1
2025-06-04,trot,Laval,C1,16,2850,6,3,16,2,4,8,1,9,13,2.6,0
2025-06-05,galop,Longchamps,C6,14,2000,1,2,6,9,7,5,4,3,10,6.7,0
2025-06-06,trot,Vincennes,C4,16,2100,9,15,16,8,1,13,5,2,1,3.2,1
2025-06-07,trot,Vincennes,C4,13,2175,11,7,13,6,2,4,12,5,10,3.2,0
2025-06-08,galop,Longchamps,C4,16,1600,3,8,12,6,9,5,4,16,11,9.8,0
2025-06-09,galop,Compiegne,C3,16,1800,7,6,9,8,14,10,4,12,8,11.7,1
2025-06-10,galop,SaintCloud,C7,16,1400,9,1,7,10,6,13,5,2,16,16.6,0
2025-06-11,trot,Caen,C4,16,2450,13,4,5,6,2,10,3,1,13,4.8,1
2025-06-12,galop,Longchamps,C6,14,1400,10,4,9,1,8,14,2,7,9,15.0,1
2025-06-14,trot,Enghien,C4,16,2150,5,16,4,7,12,1,8,11,8,5.1,1
2025-06-15,galop,Chantilly,C4,16,1800,2,1,12,4,14,5,8,3,2,18.7,1
2025-06-16,galop,Compiegne,C4,16,1800,2,1,10,4,9,5,11,6,13,14.4,0
2025-06-17,galop,Nantes,C1,16,1600,5,2,6,14,12,7,3,11,14,9.0,1
2025-06-18,trot,Toulouse,C3,16,2950,12,1,10,3,15,11,6,14,6,4.4,1
2025-06-19,galop,Longchamps,C7,16,2200,6,11,12,5,3,14,9,2,12,4.6,1
2025-06-20,trot,Vincennes,C4,16,2700,13,3,8,9,16,6,1,10,14,5.2,0
2025-06-21,galop,Compiegne,C4,16,2800,14,2,5,8,6,9,11,1,7,18.8,0
2025-06-22,galop,Lyon,C7,16,2000,5,4,15,13,3,7,6,11,5,23.2,1
2025-06-24,galop,Chantilly,C7,16,1200,2,1,16,4,8,12,9,14,5,4.6,0
2025-06-25,trot,Vire,C4,15,2800,10,15,8,4,5,11,3,2,13,2.3,0
2025-06-27,trot,Vincennes,C4,16,2100,2,3,4,7,12,6,1,10,6,10.7,1
2025-06-26,galop,LaTeste,C8,16,1800,1,4,5,16,3,15,11,8,13,2.3,0
2025-06-28,trot,Enghien,C4,15,2150,10,8,9,3,7,6,1,2,14,6.1,0
2025-06-29,galop,SaintCloud,C4,16,2400,7,11,3,8,13,16,5,1,16,9.5,1
2025-06-30,galop,Clairefontaine,C5,16,3600,8,6,9,3,13,10,11,2,9,15.9,1
2025-07-01,trot,Vichy,C2,13,2800,6,5,2,7,8,9,1,10,6,13.1,1
2025-07-02,trot,Enghien,C4,13,2875,6,4,13,11,10,8,7,2,2,6.9,1
2025-07-03,galop,Longchamps,C6,16,1600,9,2,5,14,1,6,3,13,13,9.1,1
2025-07-04,trot,Cabourg,C4,16,2750,15,10,16,3,1,13,5,11,5,6.4,1
2025-07-05,trot,Enghien,C4,16,2875,13,16,10,14,5,3,15,12,12,23.8,1
2025-07-06,galop,Deauville,C3,16,1600,3,9,7,4,14,5,10,6,13,3.4,0
2025-07-07,trot,Chateaubriant,C7,14,3000,12,9,4,3,1,13,14,7,1,3.7,1
2025-07-08,galop,Chantilly,C7,16,2000,5,1,2,8,6,9,10,14,8,26.1,1
2025-07-09,trot,Sabledolonne,C4,16,2775,15,6,11,12,13,14,4,5,6,13.0,1
2025-07-10,trot,Enghien,C8,16,2150,2,11,15,14,3,12,1,4,3,29.2,1
2025-07-11,trot,Caen,C4,15,2750,4,15,2,10,12,8,6,9,4,29.8,1
2025-07-12,trot,Enghien,C4,14,2875,12,13,4,10,11,3,7,8,5,6.2,0
2025-07-14,galop,Vichy,C3,16,2400,13,6,4,5,2,3,16,1,12,4.4,0
2025-07-15,galop,Vichy,C4,16,1400,9,11,10,13,7,6,3,8,8,7.1,1
2025-07-16,trot,MontSaintMichel,C7,16,2675,5,16,13,6,14,2,1,10,5,6.7,1
2025-07-17,galop,Vichy,C8,16,2800,12,5,16,2,6,1,4,8,3,9.7,0
2025-07-13,galop,Longchamps,C3,14,2000,6,2,3,9,7,1,4,13,11,6.2,0
2025-07-18,trot,Caen,C4,16,2750,3,11,16,5,10,7,2,9,6,7.3,0
2025-07-19,trot,Enghien,C4,15,2150,3,5,1,9,4,2,7,8,12,4.9,0
2025-07-20,galop,Chantilly,C3,16,1200,3,5,1,9,4,2,7,8,16,11.5,0
2025-07-21,galop,Compiegne,C7,16,1400,5,1,4,7,6,2,10,8,12,35.0,0
2025-07-22,galop,Dieppe,C7,16,2200,3,14,6,10,9,8,5,11,8,5.7,1
2025-07-23,trot,Enghien,C7,16,2150,2,9,7,16,5,6,11,3,1,3.6,0
2026-07-24,galop,Compiegne,C8,15,1600,5,4,1,6,2,9,8,3,3,8.8,1
2027-07-25,trot,Cabourg,C4,16,2750,12,15,3,2,4,5,8,13,6,3.3,0
2025-07-26,trot,Enghien,C4,14,2875,10,2,9,13,1,4,12,8,4,3.9,1
2025-07-27,galop,LaTeste,C3,18,2000,14,15,16,2,12,1,8,4,10,29.2,0
2025-07-28,galop,Clairefontaine,C4,16,3900,3,8,7,4,5,6,9,1,15,27.4,0
2025-07-29,galop,Compiegne,C8,16,1400,4,9,1,14,15,7,2,6,13,12.6,0
2025-07-30,trot,Enghien,C7,15,2875,13,14,11,4,1,6,8,9,8,3.6,1
2025-07-31,galop,Dieppe,C8,13,1800,4,3,1,16,2,6,10,5,5,9.0,1
2025-08-01,trot,Cabourg,C4,16,2750,15,5,11,7,12,2,4,6,8,11.9,0
2025-08-02,galop,Clairefontaine,C7,16,1900,3,10,4,8,12,9,1,11,8,12.4,1
2025-08-03,galop,Deauville,C3,16,1400,3,2,5,4,14,15,1,12,6,37.6,0
2025-08-04,galop,Dieppe,C7,16,2400,5,8,1,7,12,15,14,16,15,10.1,1
2025-08-05,galop,Deauville,C7,16,1900,1,3,4,11,9,12,5,7,5,4.8,1
2025-08-06,trot,StMalo,C4,16,2950,12,1,10,5,6,15,14,13,5,5.4,1
2025-08-07,trot,Enghien,C8,14,2875,11,12,7,10,6,9,2,14,2,4.6,1
2025-08-08,trot,Cabourg,C4,14,2750,2,9,4,11,13,12,8,7,2,10.6,1
